Ticker,Market Cap,P/E,Fwd P/E,PEG,P/S,P/B,P/C,P/FCF,EPS this Y,EPS next Y,EPS past 5Y,EPS next 5Y,Sales past 5Y,Price,Change,Volume
A,30830000000.0,24.85,17.88,3.1,4.72,5.12,21.01,23.49,0.048600000000000004,0.0902,0.056299999999999996,0.0802,0.0504,108.12,-0.014199999999999999,657147.0
AAPL,2929870000000.0,30.61,25.12,3.75,7.32,43.87,60.41,29.75,0.064,0.08710000000000001,0.15410000000000001,0.0816,0.09179999999999999,196.16,-0.0258,49000256.0
ABBV,324490000000.0,78.33,13.13,5.15,5.66,228.5,62.69,21.09,0.20809999999999998,0.1445,-0.1467,0.152,0.1219,183.7,0.0064,1916636.0
ABEV,39350000000.0,15.56,13.85,1.95,2.41,2.38,11.1,9.64,0.0958,0.0527,-0.0217,0.0799,0.0537,2.52,0.002,16505376.0
ABNB,79390000000.0,31.89,26.25,2.81,7.07,9.88,6.88,18.23,0.0148,0.1577,,0.1134,0.2357,126.74,-0.0070999999999999995,2334947.0
ABT,228310000000.0,17.02,23.1,1.65,5.39,4.68,33.36,34.3,0.1045,0.1014,0.2998,0.10339999999999999,0.061500000000000006,131.23,-0.0021,2599659.0
ACGL,34550000000.0,9.46,9.94,4.92,1.96,1.67,,5.3,-0.1593,0.19030000000000002,0.23629999999999998,0.0192,0.2057,92.2,0.0025,358029.0
ACI,12720000000.0,13.44,9.78,,0.16,3.76,37.5,16.98,-0.0929,0.0647,0.11019999999999999,,0.0525,22.09,0.0121,1034907.0
ACM,14240000000.0,23.48,19.01,2.09,0.89,6.22,8.9,17.03,0.1391,0.1001,,0.11220000000000001,0.0355,107.65,0.0027,159808.0
ACN,194640000000.0,25.66,22.8,3.46,2.9,6.66,22.91,19.97,0.0636,0.0728,0.09210000000000002,0.0741,0.0875,310.91,-0.0175,1510602.0
ADBE,174380000000.0,26.95,17.93,2.37,7.91,13.59,23.45,18.97,0.10550000000000001,0.1202,0.15539999999999998,0.11349999999999999,0.1419,409.14,-0.0125,987700.0
ADI,104240000000.0,57.21,23.74,3.28,10.62,2.98,43.87,31.65,0.1552,0.2014,-0.021,0.1744,0.13470000000000001,210.17,-0.0083,2341658.0
ADM,22960000000.0,17.03,10.46,38.71,0.27,1.04,5.61,103.4,-0.1555,0.1412,0.0839,0.0044,0.0692,47.78,-0.0038,675953.0
ADP,130270000000.00002,32.85,29.49,3.75,6.45,22.27,48.6,28.25,0.0867,0.0907,0.1168,0.0877,0.063,320.92,-0.0023,392688.0
ADSK,62790000000.0,62.94,26.56,4.43,9.92,23.96,30.78,38.38,0.1356,0.1491,0.3967,0.142,0.1344,293.51,-0.0051,1822555.0
AEE,26570000000.0,21.3,18.1,2.94,3.36,2.12,421.67,,0.0694,0.0713,0.057,0.0724,0.0575,96.02,0.006500000000000001,422117.0
AEG,11020000000.0,14.83,6.95,0.36,0.45,1.46,,,1.1432,0.1736,-0.0757,0.4175,0.21960000000000002,6.96,-0.0014000000000000002,10632611.0
AEM,59700000000.0,25.1,18.4,2.42,6.69,2.74,51.81,26.2,0.4677,0.0338,0.1368,0.1039,0.2758,118.1,0.030600000000000002,2081738.0
AEP,54750000000.0,19.77,16.3,3.17,2.68,2.0,109.76,,0.0436,0.0721,0.0756,0.062400000000000004,0.0535,102.49,0.0067,653647.0
AER,19890000000.0,10.03,8.56,1.55,2.57,1.16,15.67,,0.021400000000000002,0.0729,0.0536,0.0646,0.0935,112.63,0.0048,384570.0
AFL,55570000000.0,16.04,14.35,11.8,3.29,2.12,,22.71,-0.0679,0.0659,0.16829999999999998,0.013600000000000001,-0.0308,102.78,0.0032,627139.0
AFRM,15990000000.0,,61.61,,5.32,5.56,6.35,26.26,1.0307,14.681199999999999,-0.2616,,0.5650999999999999,49.55,0.011899999999999999,4299401.0
AGI,11080000000.0,42.46,17.56,1.78,7.9,3.08,34.77,58.11,0.5346,0.2072,0.2311,0.23800000000000002,0.15109999999999998,26.35,0.026099999999999998,1418197.0
AIG,47180000000.0,18.29,10.52,0.84,1.73,1.15,,17.49,0.2716,0.2364,0.0625,0.217,-0.0766,81.87,-0.0018,1139597.0
AJG,86690000000.0,52.07,24.92,3.73,7.26,3.88,5.19,34.33,0.10220000000000001,0.2212,0.1307,0.1396,0.109,338.51,0.009000000000000001,271216.0
AKAM,11160000000.0,25.76,11.42,5.38,2.78,2.43,8.45,15.7,-0.0264,0.0599,0.0241,0.0479,0.0667,76.36,-0.009300000000000001,1085715.0
ALAB,15650000000.0,404.39,55.01,9.7,31.9,15.02,16.92,144.64,0.6069,0.2778,,0.4169,1.4361000000000002,94.87,0.006,1950595.0
ALC,42730000000.0,38.4,23.68,3.61,4.31,1.95,30.26,25.85,0.0301,0.1612,,0.1063,0.061500000000000006,86.4,0.003,774798.0
ALGN,12350000000.0,31.01,15.12,3.06,3.1,3.28,14.15,19.58,0.1035,0.0949,0.0033,0.1013,0.1281,170.4,-0.0128,192182.0
ALL,53930000000.0,13.92,9.42,1.71,0.83,2.69,,6.01,-0.0231,0.2078,0.0391,0.0816,0.079,203.65,0.005600000000000001,310191.0
ALLE,12140000000.0,19.81,16.78,2.93,3.18,7.56,24.55,19.14,0.0403,0.0733,0.09699999999999999,0.0676,0.059500000000000004,141.11,-0.0037,201799.0
ALLY,10330000000.0,24.72,6.2,0.68,0.66,0.87,,271.91,0.4793,0.5618,-0.16140000000000002,0.36460000000000004,0.08039999999999999,33.64,-0.0086,1004457.0
AMAT,128120000000.0,19.19,15.65,2.21,4.56,6.67,18.99,21.86,0.0965,0.0626,0.2462,0.087,0.1378,157.7,-0.0176,3043585.0
AMCR,20600000000.0,16.03,10.87,1.72,1.53,3.35,10.07,28.12,0.0347,0.13140000000000002,0.067,0.0933,0.08380000000000001,8.94,-0.0105,10257087.0
AMD,179000000000.0,80.93,19.19,2.86,6.45,3.08,24.45,65.02,0.2,0.4485,0.2691,0.2833,0.3335,110.4,-0.0028000000000000004,19378024.0
AME,41120000000.0,29.17,23.44,4.8,5.93,4.12,103.06,24.0,0.0362,0.07339999999999999,0.0956,0.0608,0.06709999999999999,178.1,-0.0025,262760.0
AMGN,146000000000.0,24.79,12.62,5.75,4.3,23.52,16.57,13.38,0.051100000000000007,0.032,-0.10099999999999999,0.0431,0.0757,271.52,-0.0014000000000000002,1279989.0
AMH,13880000000.0,34.78,48.12,,7.78,1.94,63.4,17.55,-0.2609,-0.0242,0.3043,-0.1072,0.0874,37.48,-0.0039000000000000003,517636.0
AMT,98990000000.0,54.27,29.54,3.27,9.4,28.0,44.21,26.21,0.2681,0.17129999999999998,0.026000000000000002,0.1659,0.06309999999999999,211.46,0.005699999999999999,663465.0
AMX,53900000000.0,32.52,10.22,0.53,1.15,2.89,31.25,9.28,2.3658,0.099,-0.17600000000000002,0.6174000000000001,-0.0106,17.61,0.008,546553.0
AMZN,2143179999999.9998,32.93,27.83,1.92,3.3,7.0,21.81,102.99,0.1188,0.1723,0.3689,0.1716,0.18309999999999998,201.88,-0.006,19523271.0
ANET,114710000000.0,38.64,30.59,2.37,15.43,11.34,14.08,30.31,0.1242,0.1699,0.2737,0.1628,0.2504,91.33,-0.0132,3923830.0
AON,76790000000.0,30.3,18.79,2.97,4.7,10.97,57.74,29.09,0.0785,0.125,0.1442,0.10220000000000001,0.0764,355.63,0.0008,375242.0
APD,60070000000.0,39.23,20.66,8.92,5.0,4.09,37.48,,-0.0273,0.0805,0.1677,0.044000000000000004,0.0683,269.93,0.0026,223176.0
APG,12860000000.0,89.79,19.27,7.19,1.8,4.31,27.95,21.39,0.1288,0.1441,-0.1678,0.1249,0.1418,45.79,0.0014000000000000002,525442.0
APH,103630000000.0,41.51,29.38,2.19,6.18,10.06,61.99,46.61,0.4067,0.0966,0.1539,0.1893,0.1356,85.67,0.0048,2173064.0
APO,75180000000.0,23.24,14.05,1.61,3.01,4.53,4.54,18.29,0.0432,0.2076,0.1407,0.14429999999999998,0.8479000000000001,131.54,0.005600000000000001,1053719.0
APP,119810000000.0,63.93,30.74,1.4,23.33,208.2,217.43,47.3,0.7707999999999999,0.4357,0.8428,0.4571,0.3975,354.06,0.0074,3393583.0
APTV,14460000000.0,11.0,8.39,0.84,0.74,1.66,13.13,8.44,0.1362,0.11230000000000001,0.126,0.1313,0.071,66.4,-0.0085,535785.0
AR,12230000000.0,54.37,9.69,0.46,2.64,1.7,,12.92,8.0039,0.29760000000000003,,1.1931,0.1955,39.38,0.0083,1038358.0
ARCC,14850000000.0,10.56,10.72,,4.92,1.09,,,-0.132,-0.006999999999999999,,,,21.53,0.0007000000000000001,1275641.0
ARE,11730000000.0,89.02,29.43,2225.39,3.78,0.66,24.25,8.55,-0.0466,0.3425,-0.1042,0.0004,0.1543,67.8,-0.0118,583395.0
ARES,52600000000.0,93.09,24.8,3.77,11.33,7.9,29.18,22.66,0.2998,0.2586,0.1431,0.24710000000000001,0.31620000000000004,161.06,0.0074,545356.0
ARM,134270000000.00002,170.49,53.17,7.62,33.51,19.63,47.53,754.33,0.102,0.3301,0.18469999999999998,0.2237,0.19269999999999998,127.03,-0.0174,1803930.0
ARMK,10270000000.0,30.17,17.22,1.55,0.58,3.41,10.1,27.69,0.2484,0.17670000000000002,-0.1114,0.1943,0.03,39.2,0.008199999999999999,533530.0
AS,20650000000.0,100.29,38.84,2.66,3.79,3.96,48.93,148.26,0.5575,0.31170000000000003,,0.37689999999999996,0.2072,37.29,-0.0053,1701964.0
ASML,287980000000.0,30.86,24.17,1.37,8.74,15.23,29.29,28.45,0.3274,0.1377,0.24739999999999998,0.2254,0.1923,732.26,-0.011399999999999999,840184.0
ASX,21070000000.0,20.64,11.69,0.67,1.12,2.25,7.6,,0.39590000000000003,0.2968,0.128,0.307,0.0794,9.69,-0.0187,10085068.0
ATI,10720000000.0,27.5,20.49,1.34,2.4,5.81,22.54,57.37,0.20559999999999998,0.2507,0.0667,0.2054,0.0331,76.01,0.011399999999999999,758868.0
ATO,24940000000.0,21.92,20.21,3.17,5.56,1.9,45.76,,0.0582,0.0753,0.0943,0.0691,0.081,157.04,0.0113,403471.0
AU,22270000000.0,18.99,8.55,0.8,3.84,3.29,14.72,25.6,1.2612999999999999,0.0347,,0.23600000000000002,0.1131,44.23,0.0316,1405908.0
AUR,10670000000.0,,,,,5.95,9.2,,-0.0338,0.0444,-0.24760000000000001,0.0537,-0.294,6.03,0.0,7628829.0
AVGO,1079780000000.0,110.76,29.46,4.88,19.8,15.47,116.02,52.08,0.35810000000000003,0.17850000000000002,0.1391,0.22719999999999999,0.1869,229.64,-0.0038,7679630.0
AWK,27870000000.0,26.02,23.28,4.01,5.79,2.65,134.62,,0.061399999999999996,0.0729,0.09449999999999999,0.0649,0.054900000000000004,142.9,0.0074,265529.0
AXP,200490000000.0,19.99,16.45,1.59,2.66,6.43,3.82,17.72,0.0839,0.14529999999999998,0.11900000000000001,0.126,0.1084,286.17,-0.0034999999999999996,783956.0
AZN,218370000000.0,28.29,13.85,2.53,3.97,5.32,40.48,19.04,0.0983,0.128,0.34630000000000005,0.1119,0.1777,70.41,0.0066,2405725.0
B,32830000000.0,14.34,8.5,0.72,2.47,1.34,8.0,18.06,0.4399,0.23850000000000002,-0.1152,0.19920000000000002,0.0672,19.09,0.0227,7099027.0
BA,152450000000.0,,51.18,,2.2,,6.44,,0.9412,4.2957,-0.748,,-0.0154,202.19,-0.006,2665588.0
BABA,288860000000.0,16.19,11.15,1.55,2.09,2.04,4.44,20.24,0.058600000000000006,0.126,-0.0131,0.1043,0.14859999999999998,120.64,-0.0069,5064001.0
BAC,326240000000.0,12.93,10.19,0.89,1.64,1.19,,8.97,0.1362,0.16579999999999998,0.031400000000000004,0.1452,0.1355,43.31,0.0001,19352892.0
BAH,13730000000.0,16.16,14.49,,1.17,11.39,30.27,16.26,0.0738,0.0974,0.0955,,0.09390000000000001,108.4,-0.1605,5980627.0
BALL,14390000000.0,27.52,13.01,2.32,1.2,2.64,31.56,50.32,0.11789999999999999,0.1257,,0.1186,0.015300000000000001,51.88,-0.027000000000000003,1264721.0
BAM,91840000000.0,40.73,29.83,2.74,64.72,10.82,276.61,114.76,0.1343,0.1609,,0.1485,1.7244,56.95,-0.0051,690475.0
BAX,15450000000.0,,11.08,,1.3,2.18,6.74,57.02,0.33039999999999997,0.08109999999999999,,0.16269999999999998,-0.0004,30.11,-0.0052,820242.0
BBD,14800000000.0,8.86,6.31,0.57,0.27,0.99,,0.53,0.2091,0.15130000000000002,-0.1085,0.1563,0.0027,2.79,0.0109,46119166.0
BBVA,87050000000.0,7.83,7.79,2.69,0.97,1.46,,1.99,-0.013999999999999999,0.0368,0.2833,0.0291,0.17129999999999998,15.14,-0.0172,1064727.0
BBY,14920000000.0,16.48,10.51,3.0,0.36,5.31,7.25,10.72,-0.0351,0.0915,-0.057300000000000004,0.055,-0.0066,70.48,-0.004,1866587.0
BCE,19780000000.0,78.15,11.33,,1.13,2.06,27.06,7.32,-0.0641,-0.0466,-0.44799999999999995,-0.0259,-0.0001,21.46,-0.0005,759546.0
BCS,63310000000.0,6.12,6.62,0.31,1.8,0.8,,,0.2146,0.2238,0.20329999999999998,0.1967,0.1412,17.74,0.005699999999999999,11893076.0
BDX,48990000000.0,32.62,11.62,4.79,2.35,1.94,64.21,18.92,0.08130000000000001,0.0356,0.0827,0.0681,0.0472,170.94,-0.008,817229.0
BEKE,21080000000.0,34.79,15.74,2.01,1.52,2.25,2.79,,0.1066,0.24710000000000001,,0.1728,0.1761,18.4,0.0040999999999999995,1972846.0
BEN,11330000000.0,31.22,9.53,8.05,1.3,0.92,3.2,17.08,-0.1481,0.11130000000000001,-0.18460000000000001,0.0388,0.10400000000000001,21.56,-0.0025,1437084.0
BF-B,16040000000.0,16.25,18.45,,3.98,4.2,25.87,30.04,-0.1532,0.0163,0.0438,-0.0242,0.0584,33.99,-0.0070999999999999995,489067.0
BG,10480000000.0,9.88,8.98,,0.2,0.99,2.7,,-0.15460000000000002,0.11779999999999999,,-0.0111,0.0698,77.97,0.0022,379513.0
BHP,126330000000.0,11.13,12.1,,2.36,2.77,12.81,11.73,-0.226,-0.0138,-0.0175,-0.0974,0.06,49.79,0.0129,1079350.0
BIDU,23490000000.0,8.32,7.92,3.12,1.26,0.78,1.2,,-0.0993,0.1033,0.6195,0.026699999999999998,0.0404,83.91,-0.0019,2241787.0
BIIB,18370000000.0,12.38,8.1,,1.95,1.08,7.07,7.54,-0.0969,0.0401,-0.1866,-0.0068000000000000005,-0.0594,125.36,-0.0074,366147.0
BIRK,10030000000.0,37.12,22.07,1.39,4.78,3.32,39.43,32.92,0.3276,0.2613,,0.2676,0.1941,53.38,-0.0304,1966506.0
BJ,15320000000.0,26.96,24.69,3.18,0.74,8.26,387.96,53.67,0.0583,0.09630000000000001,0.24350000000000002,0.08470000000000001,0.09390000000000001,115.99,0.0002,525742.0
BK,63900000000.0,14.56,11.78,1.14,1.6,1.69,,27.92,0.1671,0.1204,0.051399999999999994,0.1277,0.17600000000000002,89.32,0.0016,1418661.0
BKR,36330000000.0,12.53,13.51,1.53,1.31,2.13,8.17,18.06,0.012199999999999999,0.14150000000000001,0.669,0.08199999999999999,0.0375,36.67,0.0023,1741071.0
BLDR,11940000000.0,13.88,11.39,6.58,0.74,2.81,103.53,9.18,-0.3103,0.18969999999999998,0.3674,0.021099999999999997,0.2708,108.07,-0.0161,747430.0
BMRN,11030000000.0,21.34,13.76,0.64,3.78,1.9,8.67,17.67,0.5782,0.1985,,0.3331,0.1118,57.52,-0.0084,519227.0
BMY,95550000000.0,17.63,7.74,0.24,2.01,5.49,8.11,7.3,4.9684,-0.1157,,0.7293000000000001,0.1521,46.95,-0.0017000000000000001,4010034.0
BN,94700000000.0,202.75,12.98,19.65,1.15,2.09,4.34,,-0.0467,0.1732,-0.2974,0.1032,0.058899999999999994,57.48,0.0054,633992.0
BNS,65129999999.99999,14.74,9.48,1.61,1.2,1.27,,34.79,0.0604,0.1306,-0.028900000000000002,0.09140000000000001,0.11720000000000001,52.29,0.0131,733848.0
BNTX,23420000000.0,,,,7.89,1.15,1.58,,-0.9965999999999999,0.0115,-0.2587,-0.2082,8.4154,97.43,-0.0166,301194.0
BP,458350000000.0,,9.8,,2.45,1.31,13.46,44.97,-0.2213,0.16570000000000001,-0.3457,0.0358,0.0341,29.03,0.0033,5255224.0
BRK-B,1086880000000.0001,13.42,23.04,12.2,2.93,1.66,3.13,90.09,-0.059699999999999996,0.0564,0.0443,0.011000000000000001,0.0817,503.58,0.0,1638055.0
BRO,31790000000.0,30.92,24.38,3.46,6.42,4.67,47.52,24.68,0.08960000000000001,0.0876,0.1972,0.08929999999999999,0.1512,110.93,0.0045000000000000005,511646.0
BROS,11250000000.0,177.6,84.37,5.88,8.27,14.29,35.56,348.37,0.2004,0.3785,-0.0987,0.30219999999999997,0.40240000000000004,68.41,-0.0007000000000000001,1168416.0
BSX,154760000000.0,76.65,31.75,5.48,8.82,6.97,186.91,51.35,0.1635,0.1283,-0.1784,0.1399,0.0977,104.61,0.0011,1795548.0
BSY,14400000000.0,60.36,35.72,4.88,10.39,13.1,172.22,33.02,0.09699999999999999,0.1326,0.129,0.12380000000000001,0.13,47.48,-0.0036,338178.0
BTI,99260000000.0,26.82,9.36,6.53,3.0,1.6,13.64,9.47,0.0025,0.062400000000000004,-0.1133,0.041100000000000005,0.0013,45.24,0.014499999999999999,2779686.0
BUD,121130000000.0,24.13,16.55,2.36,2.03,1.55,10.63,10.83,0.049800000000000004,0.1265,-0.0876,0.10220000000000001,0.0305,69.08,0.0108,1032106.0
BURL,14930000000.0,30.42,21.33,1.61,1.4,10.95,15.01,,0.1331,0.2003,0.024399999999999998,0.1893,0.1103,237.04,-0.0851,1020015.0
BWXT,10760000000.0,37.43,30.11,3.14,3.87,9.78,184.65,39.92,0.059800000000000006,0.10800000000000001,0.0379,0.1193,0.0746,117.73,0.09390000000000001,1145355.0
BX,166020000000.0,41.4,21.4,2.1,13.15,20.95,48.83,61.65,0.039,0.3264,0.0362,0.1974,0.214,136.84,-0.0007000000000000001,1234898.0
BXP,11260000000.0,,34.12,,3.28,1.92,23.49,14.68,18.9368,0.0572,-0.513,1.8847,0.0298,64.72,0.0014000000000000002,517028.0
C,136800000000.00002,11.57,7.82,0.47,0.81,0.7,,9.4,0.22219999999999998,0.2904,-0.0582,0.2463,0.1325,73.25,-0.0024,4078991.0
CAG,10650000000.0,32.66,9.32,,0.91,1.21,215.66,7.36,-0.1255,0.0253,-0.1383,-0.0222,0.0496,22.32,0.0003,3522445.0
CAH,36440000000.0,23.84,16.82,2.3,0.16,,10.96,14.94,0.0782,0.1183,-0.053,0.10369999999999999,0.0933,152.68,0.0012,691074.0
CARR,60960000000.0,16.32,20.57,1.12,2.65,4.41,35.82,115.46,0.183,0.1418,-0.281,0.1451,0.044800000000000006,71.11,-0.0092,2171247.0
CART,12310000000.0,31.0,22.02,1.83,3.56,3.9,6.99,15.16,0.0978,0.23579999999999998,,0.16949999999999998,0.2339,47.2,0.0036,1557148.0
CAT,161770000000.0,16.76,16.3,6.21,2.56,8.97,45.42,20.54,-0.1425,0.1234,0.1548,0.027000000000000003,0.0516,343.96,-0.0036,905717.0
CB,114860000000.0,13.8,11.22,1.83,2.04,1.75,,7.19,-0.0487,0.19329999999999997,0.1852,0.0753,0.1039,286.64,-0.0016,256490.0
CBOE,24210000000.0,30.31,23.2,4.04,5.59,5.44,21.51,23.18,0.09820000000000001,0.0538,0.16690000000000002,0.0751,0.1128,231.19,0.0121,297601.0
CBRE,36300000000.0,37.18,17.29,2.2,0.99,4.4,23.99,25.56,0.16940000000000002,0.1809,-0.0355,0.1689,0.0857,121.76,0.0111,1004827.0
CCEP,41220000000.0,26.89,17.64,3.74,1.86,4.69,23.24,18.17,0.0516,0.0816,0.0496,0.0718,0.11349999999999999,89.45,0.0097,587768.0
CCI,43530000000.0,,35.49,,7.27,,186.04,22.97,1.0833,2.7672000000000003,,,0.0282,99.97,0.0005,827671.0
CCJ,25230000000.0,142.39,36.91,2.43,10.68,5.59,100.47,56.0,0.8717,0.777,0.15410000000000001,0.586,0.1164,57.97,0.09759999999999999,8745343.0
CCK,11330000000.0,20.92,12.75,2.31,0.95,4.21,12.89,8.69,0.0987,0.08439999999999999,-0.0125,0.0906,0.013600000000000001,97.35,-0.0074,372369.0
CCL,28830000000.0,14.81,10.33,0.73,1.13,3.17,34.61,14.53,0.319,0.1493,-0.19760000000000003,0.2041,0.9841,22.24,-0.0087,9023637.0
CDNS,86390000000.0,80.13,40.77,5.63,17.72,18.09,31.1,62.68,0.1338,0.1466,0.018000000000000002,0.1423,0.1474,316.4,-0.0007000000000000001,434441.0
CDW,23970000000.0,22.56,17.57,3.5,1.12,10.32,34.83,23.86,0.023799999999999998,0.06280000000000001,0.0984,0.0644,0.0349,182.0,-0.0075,644669.0
CEG,94290000000.0,31.71,27.29,2.99,3.85,7.28,48.55,,0.083,0.1741,0.2815,0.106,0.0542,300.85,0.0322,3013403.0
CF,14430000000.0,11.75,14.34,,2.35,3.07,10.26,7.75,0.0855,-0.1258,0.2482,-0.016200000000000003,0.1365,89.08,0.0019,487852.0
CFG,17190000000.0,12.62,8.05,0.47,1.41,0.76,,15.51,0.2305,0.32,-0.045,0.2659,0.10099999999999999,39.63,-0.0034000000000000002,1640605.0
CG,16000000000.0,14.97,9.5,1.23,2.81,2.87,9.04,11.12,0.0934,0.16570000000000001,-0.0031,0.122,0.4021,44.31,-0.0028000000000000004,1123172.0
CHD,23630000000.0,41.16,25.72,8.59,3.89,5.19,21.99,25.43,0.0104,0.0731,-0.006,0.0479,0.0703,95.93,0.0076,822853.0
CHRW,11400000000.0,22.93,17.55,2.67,0.66,6.58,87.71,18.05,0.042,0.1637,-0.0163,0.0859,0.0546,96.0,-0.0054,359837.0
CHTR,114560000000.0,11.32,9.36,0.83,2.08,3.53,132.28,25.03,0.0683,0.16760000000000003,0.36229999999999996,0.13699999999999998,0.0381,408.07,-0.0045000000000000005,538684.0
CHWY,18100000000.0,48.65,57.31,10.33,1.53,69.21,30.33,40.0,-0.445,0.5115999999999999,,0.0471,0.2045,43.75,-0.004,3204600.0
CI,83810000000.0,17.38,9.48,1.63,0.33,2.11,,13.95,0.0857,0.11539999999999999,-0.0204,0.1069,0.0998,313.73,0.0034000000000000002,865818.0
CIEN,11370000000.0,148.19,23.63,4.46,2.81,4.08,9.38,55.44,0.39390000000000003,0.3343,-0.1858,0.3322,0.027999999999999997,80.0,-0.0016,289787.0
CL,74820000000.0,26.14,23.53,4.77,3.75,206.11,57.07,21.58,0.0159,0.0728,0.0501,0.0548,0.0509,92.32,0.015600000000000001,3372284.0
CLS,13870000000.0,33.71,19.9,1.47,1.38,8.96,45.79,42.99,0.2977,0.2043,0.46520000000000006,0.2286,0.1106,120.66,0.019799999999999998,1997918.0
CLX,16100000000.000002,23.46,19.15,4.14,2.29,596.34,71.24,20.1,0.1418,-0.0318,-0.187,0.056600000000000004,0.028300000000000002,130.63,-0.002,524026.0
CM,64160000000.0,12.23,11.27,1.75,1.38,1.66,,10.27,0.0781,0.0652,0.048799999999999996,0.0701,0.2025,68.25,0.0194,425877.0
CMCSA,129199999999.99998,8.5,7.43,1.63,1.05,1.5,14.99,7.92,-0.0089,0.08449999999999999,0.079,0.052000000000000005,0.0273,34.6,0.0004,5292955.0
CME,102800000000.0,28.68,24.59,4.34,16.36,3.8,67.39,26.87,0.0863,0.041100000000000005,0.1036,0.0661,0.0483,285.28,0.0116,900723.0
CMG,68160000000.0,44.45,35.22,2.95,5.93,19.56,48.18,45.83,0.0851,0.1819,0.35109999999999997,0.1507,0.1532,50.58,-0.0038,4344376.0
CMS,20820000000.0,20.59,18.03,2.71,2.67,2.57,39.58,,0.0748,0.07519999999999999,0.0684,0.0759,0.0255,69.6,0.0034000000000000002,683116.0
CNC,27920000000.0,8.35,7.01,0.97,0.16,1.0,,18.71,0.0175,0.0973,0.1496,0.0864,0.1788,56.11,-0.0338,2762856.0
CNH,15990000000.0,15.4,14.41,4.94,0.85,2.04,6.67,9.0,-0.4073,0.42710000000000004,-0.012,0.031200000000000002,-0.0527,12.8,-0.0126,10453505.0
CNI,66280000000.0,20.58,16.99,2.05,5.36,4.41,390.94,28.8,0.0944,0.10890000000000001,0.0301,0.1003,0.024399999999999998,105.62,-0.005699999999999999,436413.0
CNM,10460000000.0,24.94,19.06,3.24,1.41,5.93,1308.06,17.86,0.1356,0.151,0.5259,0.07690000000000001,0.17920000000000003,53.06,-0.0033,263608.0
CNP,24430000000.0,25.17,19.9,3.15,2.73,2.23,12.87,,0.0794,0.0757,0.0347,0.08,0.0358,37.44,0.0079,923531.0
CNQ,64890000000.0,12.08,12.72,1.21,2.36,2.31,1004.22,9.96,0.0409,-0.0374,0.0412,0.0999,0.1573,30.91,0.003,1566046.0
COF,118590000000.0,15.56,9.92,1.11,2.2,1.12,,6.41,0.12,0.195,0.0096,0.1402,0.1045,185.26,-0.0175,1938462.0
COHR,12100000000.0,,17.69,,2.16,2.26,13.31,47.22,1.0904,0.26039999999999996,,0.46869999999999995,0.3176,77.84,-0.0132,1092938.0
COIN,67370000000.00001,49.57,33.75,,9.74,6.43,6.52,20.76,-0.4277,0.44439999999999996,,-0.0395,1.4044999999999999,264.51,-0.0274,6591679.0
COO,15740000000.0,38.07,17.79,3.8,4.01,1.94,155.89,40.93,0.0801,0.1104,-0.0345,0.1003,0.08410000000000001,78.73,-0.0072,596409.0
COP,107750000000.0,10.83,12.12,2.21,1.88,1.65,14.89,12.42,-0.1593,0.07519999999999999,0.0406,0.049,0.2854,85.35,-0.0091,2703070.0
COR,56720000000.0,33.96,16.93,2.96,0.18,55.99,26.88,15.87,0.1463,0.0958,0.1329,0.1148,0.1039,292.65,0.0088,459653.0
COST,449760000000.0,59.18,50.82,5.99,1.7,17.59,34.18,64.95,0.0942,0.1008,0.1493,0.09880000000000001,0.10859999999999999,1013.7,-0.0044,655079.0
CP,75060000000.0,24.77,20.58,1.9,6.36,1.56,108.01,41.83,0.1124,0.1492,0.018500000000000003,0.1304,0.1331,80.68,0.0034000000000000002,879683.0
CPNG,49820000000.0,198.42,39.26,1.51,1.6,11.34,8.04,50.16,2.5907,1.4332,,1.3133000000000001,0.39799999999999996,27.44,0.0059,3613690.0
CPRT,52140000000.0,35.57,31.02,2.89,11.36,6.28,11.89,44.14,0.1175,0.11220000000000001,0.17850000000000002,0.1231,0.1603,53.97,-0.11019999999999999,12813474.0
CPT,16000000000.0,103.95,72.8,9.1,10.25,2.83,423.34,37.98,-0.0639,0.1058,-0.07519999999999999,0.1142,0.0867,113.03,-0.012,655418.0
CRBG,17450000000.0,25.28,5.53,2.37,1.11,1.47,,9.05,0.034,0.1506,1.1691,0.10679999999999999,0.1116,31.75,0.0032,1399591.0
CRDO,10420000000.0,4478.83,53.1,27.63,31.81,16.84,27.48,,5.9073,0.8588,,1.6208,0.4205,61.36,0.0095,1021919.0
CRH,63750000000.0,19.96,14.74,2.28,1.78,3.02,19.02,27.27,0.0479,0.114,0.18510000000000001,0.0877,0.049100000000000005,94.3,-0.009000000000000001,1755748.0
CRM,268399999999.99997,43.98,22.31,3.5,7.08,4.4,19.13,21.59,0.0951,0.12240000000000001,1.1211,0.1258,0.1744,279.73,-0.013000000000000001,2680635.0
CRWD,113800000000.0,,99.1,,28.78,34.53,26.32,106.56,-0.1114,0.3201,0.34759999999999996,0.1664,0.5355,456.89,0.028900000000000002,2481321.0
CRWV,50090000000.0,,,,,23.84,26.35,,-2.7883999999999998,0.7975,,,10.4145,104.35,0.04190000000000001,25369373.0
CSCO,249440000000.0,25.82,15.68,4.97,4.48,5.43,14.55,19.48,0.015700000000000002,0.0601,-0.0054,0.0519,0.009000000000000001,62.99,-0.0058,6024408.0
CSGP,31220000000.0,257.5,54.88,7.51,11.1,3.66,7.68,140.77,0.0318,0.6258,-0.1693,0.34299999999999997,0.1438,74.0,-0.0018,635301.0
CSX,57910000000.0,18.37,16.02,3.94,4.05,4.76,50.48,21.49,-0.09519999999999999,0.162,0.0512,0.0466,0.047,30.83,0.006,9187583.0
CTAS,89830000000.0,51.61,45.91,4.29,8.86,19.55,369.0,49.17,0.15869999999999998,0.1042,0.13699999999999998,0.1204,0.0694,222.46,0.0036,473842.0
CTRA,18700000000.0,14.3,7.78,0.51,3.09,1.32,84.6,14.83,0.6547,0.1326,-0.016200000000000003,0.2783,0.494,24.5,0.0034999999999999996,2024844.0
CTSH,39090000000.0,16.69,14.61,2.23,1.95,2.62,19.62,18.32,0.0677,0.0702,0.065,0.075,0.0339,79.29,-0.0076,1064587.0
CTVA,47090000000.0,42.09,19.67,2.63,2.8,1.94,20.51,22.4,0.1606,0.1769,,0.1603,0.042300000000000004,69.04,0.006500000000000001,763071.0
CVE,24630000000.0,12.63,12.37,0.63,0.63,1.19,12.81,10.01,-0.1328,0.07,-0.018500000000000003,0.1989,0.4985,13.51,0.0139,7133878.0
CVNA,65540000000.00001,107.16,52.29,1.94,4.42,27.35,27.55,69.07,1.4766,0.22769999999999999,,0.5512,0.3669,306.08,0.0127,1336592.0
CVS,76350000000.0,14.42,8.55,1.05,0.2,0.99,6.0,12.85,0.1284,0.1542,-0.0637,0.1379,0.0779,60.35,0.0022,3798722.0
CVX,237530000000.0,15.59,14.15,2.12,1.23,1.59,47.81,16.96,-0.2262,0.2361,0.445,0.07339999999999999,0.13140000000000002,136.01,0.0053,3516482.0
CX,10800000000.0,7.4,9.71,0.6,0.67,0.8,9.16,16.42,0.3134,-0.0814,0.6047,0.12279999999999999,0.044500000000000005,7.14,0.0207,9779215.0
D,47930000000.0,21.09,15.72,1.86,3.22,1.82,100.48,,0.2234,0.0553,0.0801,0.11320000000000001,0.0021,56.2,0.0097,3089934.0
DAL,31360000000.0,8.51,7.15,1.08,0.51,2.03,8.25,11.1,-0.1213,0.2407,-0.0608,0.079,0.2028,48.03,-0.0098,4221101.0
DASH,87130000000.0,268.87,57.41,1.66,7.75,10.38,14.48,48.17,6.4742,0.6524,,1.6209,0.7709999999999999,205.63,0.023700000000000002,1881564.0
DB,53160000000.0,11.56,7.66,0.87,0.76,0.74,,,0.18780000000000002,0.1104,,0.13269999999999998,0.1344,27.38,-0.0381,3061639.0
DD,28220000000.0,,14.34,,2.25,1.24,15.97,25.31,0.053,0.0974,0.20199999999999999,0.0895,-0.0935,67.44,-0.0084,714227.0
DDOG,39670000000.0,248.83,55.29,16.22,13.99,13.58,8.91,44.05,-0.0642,0.2198,,0.1534,0.5057,114.86,-0.006999999999999999,1345196.0
DE,138770000000.0,24.73,23.11,36.37,3.04,6.17,14.98,32.03,-0.2656,0.17600000000000002,0.20350000000000001,0.0068000000000000005,0.0691,511.3,-0.0084,399370.0
DECK,15480000000.0,16.1,15.09,2.21,3.11,5.88,8.2,15.42,-0.0338,0.10490000000000001,0.316,0.0729,0.1916,102.01,-0.191,14170678.0
DELL,76640000000.0,18.03,10.73,1.56,0.8,,20.4,41.0,0.1399,0.12619999999999998,0.0111,0.11560000000000001,0.0127,112.13,0.0016,2246123.0
DEO,60760000000.0,16.94,16.19,120.99,3.01,5.9,30.44,22.31,-0.1027,0.0506,0.005,0.0014000000000000002,0.0466,109.36,-0.013500000000000002,604975.0
DFS,50340000000.0,10.69,12.34,16.97,2.14,2.81,,5.96,-0.1725,0.1057,0.14279999999999998,0.0063,0.121,200.05,0.0,0.0
DG,22350000000.0,19.87,16.39,3.36,0.55,3.01,23.96,13.25,-0.053399999999999996,0.10640000000000001,-0.0508,0.0591,0.0816,101.6,0.0095,947448.0
DGX,19050000000.0,21.57,16.23,2.61,1.88,2.76,101.34,18.04,0.08650000000000001,0.0836,0.0404,0.0827,0.056799999999999996,170.65,0.0060999999999999995,481738.0
DHI,36390000000.0,8.96,9.57,12.62,1.03,1.5,14.45,13.33,-0.1998,0.0785,0.2731,0.0070999999999999995,0.1649,118.45,-0.0038,1135658.0
DHR,132250000000.0,35.83,21.56,4.35,5.55,2.6,66.36,26.98,0.028999999999999998,0.1134,0.09029999999999999,0.0824,0.0733,184.79,-0.0143,1592456.0
DIS,197910000000.0,22.49,17.39,1.75,2.11,1.9,33.82,18.16,0.1607,0.09720000000000001,-0.1636,0.1284,0.0594,110.09,-0.009399999999999999,3815862.0
DKNG,31110000000.0,,24.14,,6.22,19.89,27.37,86.56,1.3463999999999998,2.9843,-0.0636,,0.7349,34.98,0.0031,3392206.0
DKS,13490000000.0,11.99,11.13,2.47,1.0,4.23,7.98,26.49,0.0088,0.0682,0.3329,0.048600000000000004,0.09380000000000001,168.54,-0.022400000000000003,996703.0
DLR,56820000000.0,156.84,105.15,18.24,10.09,2.76,24.47,,-0.11289999999999999,0.1234,-0.0728,0.086,0.1184,168.71,0.0046,566578.0
DLTR,18630000000.0,,14.74,,0.68,4.79,14.83,11.92,0.0344,0.1399,,0.0955,-0.034300000000000004,88.65,-0.0147,1044687.0
DOC,11940000000.0,42.33,53.03,,4.27,1.43,86.12,10.86,-0.3197,0.2933,0.5284,-0.0101,0.1725,16.8,-0.0015,2485254.0
DOCU,17260000000.0,16.67,22.19,2.32,5.8,8.62,17.89,18.75,-0.0174,0.1007,,0.0718,0.2623,85.22,-0.0151,617193.0
DOV,24360000000.0,10.7,17.37,1.09,3.06,3.41,13.49,42.95,0.12619999999999998,0.09539999999999998,0.3335,0.0983,0.021400000000000002,177.66,-0.012199999999999999,470017.0
DOW,20000000000.0,70.72,19.99,13.73,0.47,1.19,10.55,,-0.7014,1.7718,,0.051500000000000004,0.0212,28.3,-0.0131,3865558.0
DRI,23840000000.0,22.99,18.97,2.53,2.03,10.83,99.88,23.17,0.0694,0.1309,0.08380000000000001,0.0908,0.0705,203.73,-0.0007000000000000001,351592.0
DT,16000000000.0,33.5,29.68,2.28,9.42,6.11,14.37,36.93,0.1399,0.1366,,0.1469,0.25579999999999997,53.45,-0.0137,923008.0
DTE,28270000000.0,18.4,17.6,2.8,2.12,2.37,314.07,,0.0556,0.0735,0.014199999999999999,0.06559999999999999,0.0271,136.21,0.0118,325430.0
DTM,10570000000.0,28.44,21.68,2.1,10.12,2.28,127.3,11.64,0.2051,0.10550000000000001,0.027999999999999997,0.13570000000000002,0.0689,104.0,0.0187,217843.0
DUK,90260000000.0,19.37,17.28,2.9,2.92,1.82,175.61,,0.0724,0.062,0.0225,0.0667,0.041299999999999996,116.13,0.0048,1175495.0
DUOL,23660000000.0,259.97,117.27,5.14,29.17,26.45,23.68,80.04,0.5886,0.4861,,0.5055,0.6311,520.51,0.0052,263410.0
DVN,19920000000.0,7.06,7.33,1.87,1.2,1.37,16.14,,-0.1979,0.0942,,0.0377,0.41619999999999996,31.03,-0.0036,3305689.0
DXCM,33210000000.0,63.57,33.38,2.67,8.01,14.65,12.29,57.73,0.2345,0.2531,0.3906,0.2379,0.22460000000000002,84.68,-0.0017000000000000001,826614.0
EA,36890000000.0,34.73,16.43,2.68,4.96,5.81,16.41,19.86,0.16620000000000001,0.1107,-0.1624,0.1297,0.06709999999999999,147.12,0.0033,948380.0
EBAY,33189999999.999996,17.21,12.49,2.08,3.21,6.74,6.27,15.6,0.0935,0.08109999999999999,0.13570000000000002,0.0827,0.0418,72.03,-0.0017000000000000001,1903236.0
EBR,14460000000.0,9.63,7.74,0.48,1.94,0.83,2.69,6.91,0.2382,0.38060000000000005,-0.0209,0.201,0.0089,7.34,-0.0007000000000000001,818615.0
EC,17530000000.0,5.17,5.58,,0.56,0.95,5.21,2.4,-0.0779,-0.059500000000000004,-0.0192,-0.056299999999999996,0.1215,8.52,0.006500000000000001,773482.0
ECL,73830000000.0,35.42,30.84,2.65,4.71,8.32,63.5,49.12,0.1264,0.1272,0.067,0.13369999999999999,0.048,260.41,0.0029,275755.0
ED,37360000000.0,19.14,17.26,3.47,2.37,1.57,103.79,,0.042,0.068,0.051500000000000004,0.0552,0.0429,103.71,0.0028000000000000004,596872.0
EFX,32659999999.999996,53.7,28.19,2.9,5.7,6.56,167.32,40.38,0.0397,0.2309,,0.18510000000000001,0.10339999999999999,262.97,-0.0017000000000000001,220898.0
EIX,21750000000.0,8.02,9.22,0.83,1.26,1.45,15.79,,0.2278,0.013500000000000002,-0.0253,0.0967,0.0757,56.53,0.005600000000000001,582361.0
EL,22760000000.0,,28.76,,1.54,5.24,8.65,24.01,-0.4294,0.4888,-0.2584,0.0317,0.013500000000000002,63.27,-0.0179,1270734.0
ELS,12700000000.0,33.92,29.88,6.21,8.26,6.93,267.49,33.35,0.010700000000000001,0.0712,0.0489,0.0546,0.08410000000000001,63.41,0.0003,405211.0
ELV,83930000000.0,14.49,9.47,1.36,0.46,1.97,,22.84,0.044500000000000005,0.1371,0.0681,0.10640000000000001,0.1125,371.49,-0.0339,1406120.0
EMR,66209999999.99999,28.09,18.23,3.37,3.76,3.44,35.09,23.97,0.08900000000000001,0.0802,-0.016,0.0834,0.0018,117.7,0.003,1496582.0
ENB,100000000000.0,23.58,20.12,3.25,2.28,2.34,65.04,23.97,0.063,0.0848,-0.0298,0.0725,0.0333,45.87,0.0154,1195115.0
ENTG,10890000000.0,35.21,19.1,2.52,3.36,2.9,31.95,40.65,-0.036699999999999997,0.3037,0.0066,0.13970000000000002,0.16519999999999999,71.95,-0.0167,1251584.0
EOG,60120000000.0,10.22,10.44,5.04,2.56,2.06,9.11,10.91,-0.1873,0.1168,0.19030000000000002,0.0203,0.1729,110.15,-0.0058,1004646.0
EPD,67900000000.00001,11.76,10.39,2.19,1.2,2.35,63.52,17.7,0.045899999999999996,0.0707,0.051500000000000004,0.0538,0.1505,31.31,-0.0026,1085108.0
EQH,15810000000.0,14.14,6.38,0.8,1.06,17.83,,8.15,0.11869999999999999,0.22829999999999998,,0.1775,0.099,52.02,-0.0021,413672.0
EQNR,64980000000.00001,7.5,7.68,,0.61,1.41,2.62,8.77,-0.0696,0.0344,0.4131,-0.0004,0.2109,23.76,0.0113,1224718.0
EQR,26500000000.0,26.4,50.3,,8.85,2.33,664.95,20.84,-0.4253,-0.1427,0.0169,-0.1726,0.0204,67.65,-0.009399999999999999,531797.0
EQT,33450000000.000004,96.36,11.17,2.32,5.28,1.61,118.72,28.18,1.0846,0.491,,0.4154,0.299,55.88,0.0034000000000000002,2608687.0
ERIC,26610000000.0,187.55,14.54,,1.13,3.37,5.37,6.52,620.4155000000001,0.046,-0.6152000000000001,,-0.0032,8.66,-0.012,19744242.0
ES,23180000000.0,27.24,12.63,5.59,1.83,1.51,208.16,,0.0378,0.053099999999999994,-0.0421,0.0487,0.0733,63.1,0.0006,533758.0
ET,61450000000.0,13.48,11.5,1.55,0.75,1.96,133.87,10.02,0.1502,0.057300000000000004,-0.0073,0.08689999999999999,0.1417,17.91,0.0014000000000000002,3904202.0
ETN,125800000000.0,32.45,23.73,2.77,4.97,6.8,64.88,37.91,0.1125,0.1276,0.1257,0.11699999999999999,0.0363,321.49,0.0013,722408.0
ETR,35500000000.0,26.74,18.94,2.74,2.99,2.34,23.46,,0.0604,0.12390000000000001,-0.049400000000000006,0.0975,0.0273,82.4,0.0138,590738.0
EVRG,15110000000.0,17.3,15.36,2.94,2.58,1.52,299.2,,0.0603,0.0581,0.0629,0.0588,0.0276,65.67,-0.0038,572777.0
EW,43850000000.0,49.94,27.15,5.84,7.92,4.33,11.25,69.26,0.0163,0.1148,-0.0236,0.0855,0.049400000000000006,74.75,-0.0005,1946147.0
EWBC,12480000000.0,10.8,9.49,1.36,2.79,1.57,,8.63,0.0626,0.0775,0.1255,0.07919999999999999,0.19440000000000002,90.55,-0.0043,152583.0
EXAS,10710000000.0,,144.1,,3.79,4.47,13.63,55.19,0.9225,1.9099000000000002,-0.5424,,0.27390000000000003,56.8,0.005699999999999999,1128297.0
EXC,43860000000.0,16.12,15.39,2.58,1.85,1.59,27.72,,0.0795,0.046,-0.0404,0.062400000000000004,-0.0416,43.45,0.0006,3336142.0
EXE,27520000000.0,,9.81,,4.21,1.6,64.44,68.96,4.805899999999999,0.44020000000000004,0.38079999999999997,0.9649,0.0378,115.62,0.0108,563695.0
EXEL,11610000000.0,19.31,14.32,0.61,5.05,5.49,11.26,14.14,0.40399999999999997,0.2028,0.1155,0.3152,0.1834,42.57,-0.0068000000000000005,998726.0
EXPD,15430000000.0,18.71,20.65,15.85,1.4,6.74,11.7,20.15,-0.06709999999999999,0.0226,0.11019999999999999,0.0118,0.12279999999999999,112.68,-0.0089,466792.0
EXPE,20270000000.0,18.78,9.53,0.99,1.47,18.91,2.49,8.5,0.1686,0.1827,0.1887,0.1905,0.1217,159.43,-0.008,699239.0
EXR,32229999999.999996,33.82,30.81,4.35,9.84,2.22,269.61,18.35,0.1384,0.0292,0.045,0.07780000000000001,0.20440000000000003,145.47,0.0048,165887.0
F,41220000000.0,8.31,7.85,,0.23,0.97,1.17,4.43,-0.4301,0.2594,1.6263999999999998,-0.061900000000000004,0.0424,10.37,-0.006999999999999999,52555306.0
FANG,39700000000.0,8.31,10.3,,3.08,1.01,19.45,9.38,-0.17149999999999999,-0.039,0.6036,-0.0058,0.3465,135.9,-0.0029,739645.0
FAST,46860000000.0,40.75,34.07,4.72,6.16,12.7,202.18,53.96,0.0908,0.0992,0.0779,0.0864,0.0728,40.85,0.0033,1629889.0
FCX,55630000000.0,31.97,17.58,1.37,2.27,3.15,11.48,34.85,0.0851,0.37200000000000005,,0.23329999999999998,0.1404,38.73,0.0273,8656693.0
FDX,51970000000.0,13.62,10.83,1.63,0.59,1.95,9.98,15.15,0.019,0.1043,0.5332,0.08349999999999999,0.0513,216.91,-0.0087,621769.0
FE,24190000000.0,22.3,15.51,6.76,1.73,1.93,148.41,,-0.0384,0.0687,0.0159,0.033,0.0417,41.92,-0.0018,1474299.0
FERG,35450000000.0,21.95,17.91,3.78,1.19,6.47,43.49,26.07,-0.083,0.121,0.1282,0.0581,0.068,178.39,-0.0051,660892.0
FHN,10050000000.0,13.82,10.61,1.34,2.04,1.21,,10.03,0.0959,0.0984,-0.0031,0.1033,0.1859,19.81,0.0023,2341058.0
FI,88130000000.0,28.12,13.35,1.71,4.26,3.41,74.88,17.62,0.1604,0.1663,0.25780000000000003,0.16399999999999998,0.1583,158.96,-0.0148,3497089.0
FIS,41150000000.0,48.99,12.55,5.27,4.04,2.73,51.11,22.72,0.1005,0.0867,0.165,0.0929,0.0125,78.32,-0.0003,630854.0
FITB,24870000000.0,11.83,9.32,0.94,1.82,1.36,,7.61,0.1219,0.1344,-0.012,0.1261,0.0872,37.26,-0.0068000000000000005,1397232.0
FLEX,15400000000.0,19.54,12.6,2.26,0.6,3.12,6.73,14.44,0.1023,0.1213,0.6501,0.0866,0.015700000000000002,41.26,-0.0043,1078760.0
FLUT,42660000000.0,83.44,20.13,2.91,2.98,4.34,12.12,33.03,0.0883,0.5158,-0.3642,0.2865,0.42340000000000005,241.46,0.0138,509571.0
FNF,14840000000.0,13.35,8.19,0.82,1.13,1.88,,2.16,0.1404,0.24969999999999998,0.0394,0.1618,0.1288,54.02,0.0075,432324.0
FNV,32430000000.0,52.53,33.75,2.94,26.48,5.15,28.75,200.04,0.38780000000000003,0.1195,0.09380000000000001,0.17859999999999998,0.06709999999999999,168.34,0.0263,268707.0
FOX,23560000000.0,12.5,11.95,1.05,1.46,1.97,4.89,9.87,0.3042,-0.059000000000000004,0.0401,0.1186,0.0433,50.28,-0.0045000000000000005,313326.0
FOXA,23570000000.0,13.62,13.01,1.15,1.46,2.14,4.9,9.88,0.3042,-0.059000000000000004,0.0401,0.1186,0.0433,54.76,-0.0039000000000000003,1209597.0
FSLR,17280000000.0,13.7,7.2,0.43,4.06,2.11,19.4,,0.2584,0.4789,,0.31829999999999997,0.0788,161.14,0.030600000000000002,2228636.0
FTAI,11660000000.0,557.23,16.84,,6.06,412.65,104.02,,15.7946,0.4263,,,0.3617,113.73,0.0070999999999999995,399283.0
FTI,12420000000.0,15.64,11.82,0.91,1.34,4.04,10.4,10.03,0.1344,0.2137,,0.1728,-0.0329,29.63,0.0023,1050580.0
FTNT,78850000000.0,42.4,37.19,4.26,12.84,40.37,16.49,38.14,0.042800000000000005,0.1207,0.4292,0.09960000000000001,0.2266,103.01,-0.0058,1705647.0
FTV,23760000000.0,30.7,16.47,4.77,3.84,2.32,26.64,17.08,-0.0009,0.0922,0.0368,0.0644,0.0653,69.92,-0.0033,1088660.0
FUTU,10600000000.0,22.44,13.81,1.05,6.09,3.5,5.84,,0.3066,0.17620000000000002,0.9525,0.2144,0.8069,111.88,0.0039000000000000003,786648.0
FWONK,30830000000.0,,51.39,,8.78,3.27,10.88,41.83,13.4038,0.2347,0.37829999999999997,,0.2045,97.16,-0.0005,214969.0
GAP,10820000000.0,13.04,11.52,2.09,0.72,3.29,4.18,10.41,0.0596,0.0698,0.1881,0.062400000000000004,-0.0092,28.72,-0.0059,4681209.0
GD,73740000000.0,19.07,16.44,1.93,1.5,3.32,59.37,22.06,0.0964,0.11800000000000001,0.026099999999999998,0.09880000000000001,0.0408,274.74,-0.0083,308437.0
GDDY,26220000000.0,35.33,24.88,3.06,5.63,131.25,36.45,19.15,-0.0632,0.22390000000000002,0.5361,0.1153,0.08960000000000001,184.03,0.0003,292079.0
GE,248490000000.0,36.34,35.93,2.05,6.26,12.91,18.54,56.37,0.2086,0.16649999999999998,0.9419,0.1776,-0.1475,233.02,0.011899999999999999,2179634.0
GEHC,31480000000.0,14.46,14.96,2.75,1.59,3.43,12.73,22.91,-0.1008,0.13849999999999998,0.053099999999999994,0.0526,0.034300000000000004,68.76,-0.0098,1029084.0
GEN,17160000000.0,26.86,9.87,2.15,4.36,7.52,17.06,14.23,0.12710000000000002,0.1209,0.0288,0.1252,0.0977,27.67,-0.0033,1867581.0
GEV,127680000000.0,66.76,41.88,,3.57,14.83,15.75,38.27,11.496300000000002,0.6112,,,0.0235,467.8,0.0196,2064954.0
GFI,20680000000.0,17.01,7.95,0.76,4.03,3.98,24.04,26.49,0.8438,0.1501,0.48090000000000005,0.2242,0.1234,23.1,0.0483,1700064.0
GFL,18000000000.0,,82.18,,3.28,3.22,48.21,109.86,-0.4202,0.7526999999999999,-0.0726,0.1393,0.1841,49.07,0.0058,288623.0
GFS,20140000000.0,,16.55,,2.97,1.83,7.0,20.76,0.0374,0.3599,0.1883,0.2039,0.0496,36.42,-0.028300000000000002,484201.0
GILD,133400000000.0,22.55,12.58,0.87,4.65,6.97,14.61,13.55,0.7301000000000001,0.0663,-0.38130000000000003,0.2581,0.053,107.24,0.004699999999999999,2305085.0
GIS,29110000000.0,11.67,13.22,,1.48,3.14,55.84,11.75,-0.0727,-0.040999999999999995,0.0824,-0.025,0.0335,53.15,-0.0034999999999999996,1869878.0
GLPI,12690000000.0,16.35,14.81,3.71,8.18,3.01,75.15,12.51,0.0098,0.0762,0.0962,0.0441,0.058899999999999994,46.18,0.0033,395519.0
GLW,41460000000.0,92.63,17.88,6.34,3.05,3.66,30.51,38.64,0.2009,0.1501,-0.1142,0.146,0.0332,48.41,-0.0029,1551017.0
GM,46990000000.0,7.04,5.26,,0.25,0.73,1.54,,-0.1391,0.0189,0.0684,-0.0016,0.0701,48.88,-0.008100000000000001,2327480.0
GMAB,12720000000.0,11.74,11.57,1.34,3.94,2.48,3.94,10.92,-0.1048,0.18420000000000003,0.2801,0.08779999999999999,0.35729999999999995,20.69,-0.0159,582319.0
GME,14420000000.0,121.39,68.6,9.7,3.77,2.92,3.02,111.27,0.4242,0.0,,0.1251,-0.0862,32.24,0.0447,20818869.0
GOOG,2066750000000.0,19.06,16.85,1.47,5.75,6.02,21.68,27.6,0.1894,0.0604,0.2676,0.1293,0.17300000000000001,170.92,-0.0062,13770410.0
GOOGL,2065389999999.9998,18.92,16.74,1.47,5.75,5.97,21.67,27.58,0.1895,0.0603,0.2676,0.1291,0.17300000000000001,169.71,-0.0068000000000000005,20953934.0
GPC,17510000000.0,20.72,14.69,4.22,0.74,3.93,41.64,54.61,-0.0455,0.10279999999999999,0.0851,0.049100000000000005,0.0636,126.15,-0.0058,304503.0
GPN,18150000000.0,12.01,5.46,1.18,1.8,0.82,5.76,6.02,0.0472,0.1267,0.233,0.1015,0.16699999999999998,74.41,-0.0174,635304.0
GRAB,20330000000.0,1039.58,44.35,,6.97,3.18,3.46,19.89,2.8164999999999996,1.0646,0.5171,,0.7898000000000001,4.99,0.006,8522100.0
GRMN,38720000000.0,26.49,23.89,3.76,6.0,4.74,14.48,31.8,0.0662,0.0684,0.07919999999999999,0.0705,0.11199999999999999,201.1,-0.0024,237803.0
GS,184170000000.0,13.93,11.97,1.27,1.47,1.69,,3.46,0.1069,0.1173,0.14029999999999998,0.1099,0.2029,600.22,0.0033,852233.0
GSK,78600000000.0,20.14,8.02,2.24,1.95,4.34,13.58,12.4,0.0874,0.1158,-0.11630000000000001,0.09,-0.0074,38.79,-0.0032,1834636.0
H,12210000000.0,16.58,38.64,4.23,1.83,3.53,6.76,31.8,-0.31,0.31079999999999997,0.1192,0.0392,0.1839,127.91,0.0029,185478.0
HAL,17059999999.999998,8.32,7.46,415.76,0.76,1.65,9.46,7.29,-0.1925,0.1025,,0.0002,0.0323,19.85,-0.005699999999999999,4068540.0
HBAN,22400000000.0,11.85,9.74,0.91,1.87,1.21,,11.56,0.1757,0.10039999999999999,-0.0074,0.1303,0.17579999999999998,15.38,-0.0036,15631803.0
HCA,90550000000.0,16.73,13.43,1.29,1.26,,77.6,18.3,0.1525,0.10769999999999999,0.1693,0.1292,0.0669,376.41,-0.0006,446421.0
HD,361230000000.0,24.66,22.29,4.85,2.22,54.41,263.86,23.77,-0.0152,0.0866,0.0779,0.0508,0.07980000000000001,363.43,-0.0074,1149504.0
HDB,188870000000.0,22.58,18.52,1.66,3.39,3.22,,,0.1079,0.1625,0.0929,0.1364,0.2523,73.99,0.0175,847294.0
HES,40440000000.0,18.11,15.64,1.59,3.24,3.51,30.54,36.27,-0.3907,0.4177,,0.1142,0.2309,130.75,0.005600000000000001,700521.0
HIG,36640000000.0,12.85,9.97,1.08,1.36,2.23,,6.47,0.0739,0.1698,0.1284,0.1193,0.0516,128.95,-0.0008,683579.0
HIMS,12170000000.0,79.16,56.42,2.25,6.82,22.14,37.73,51.74,0.2457,0.46,0.1722,0.3515,0.6228,54.38,0.0161,17456913.0
HLN,50270000000.0,27.75,20.56,3.0,3.5,2.49,17.84,22.05,0.0987,0.0911,0.174,0.0925,0.059699999999999996,11.15,0.0077,14052300.0
HLT,58320000000.0,38.7,27.19,2.87,5.16,,72.26,28.87,0.1116,0.1402,0.15109999999999998,0.1348,0.11470000000000001,245.34,-0.0053,442614.0
HMC,42620000000.0,8.42,6.09,0.7,0.3,0.52,1.41,,0.16829999999999998,0.1268,0.0803,0.1195,0.01,29.42,-0.0034000000000000002,185944.0
HOLX,12020000000.0,22.78,11.95,3.29,2.99,2.6,7.42,12.08,0.0268,0.07780000000000001,,0.0692,0.061,53.95,-0.0098,645847.0
HON,142840000000.0,25.53,19.55,3.3,3.64,8.18,14.2,28.21,0.0545,0.09,0.0069,0.0774,0.0116,222.26,-0.0060999999999999995,1181712.0
HOOD,56220000000.0,36.36,40.54,7.29,17.15,7.09,12.49,,-0.17,0.2138,,0.0499,0.8128,63.71,-0.016399999999999998,19051069.0
HPE,22810000000.0,8.59,8.42,1.67,0.73,0.9,1.65,13.84,-0.0964,0.1471,0.1999,0.0516,0.0087,17.36,-0.0106,4768973.0
HPQ,26310000000.0,10.03,7.2,1.97,0.49,,9.09,8.06,0.069,0.07339999999999999,0.0629,0.0509,-0.0151,27.91,-0.0207,3910148.0
HRL,16149999999.999998,21.32,16.41,3.21,1.36,2.01,18.64,18.13,0.0137,0.11710000000000001,-0.039599999999999996,0.0665,0.0495,29.36,-0.0029,1117768.0
HSBC,209040000000.0,10.99,8.59,2.25,1.47,1.1,,,0.0077,0.0461,0.3335,0.0489,0.11869999999999999,59.33,-0.0013,1042562.0
HST,10220000000.0,15.27,18.27,,1.76,1.54,23.87,12.24,-0.24050000000000002,0.0723,-0.046799999999999994,-0.0481,0.1861,14.73,-0.0069,3056736.0
HSY,31190000000.0,18.99,24.01,,2.9,6.66,20.58,17.13,-0.35810000000000003,0.0662,0.14880000000000002,-0.0759,0.07150000000000001,153.94,0.0005,908219.0
HTHT,11250000000.0,26.2,16.61,1.82,3.38,8.04,7.43,12.72,0.1707,0.1575,0.07490000000000001,0.1438,0.1732,36.5,0.029500000000000002,1032998.0
HUM,27080000000.0,15.86,15.27,1.46,0.23,1.53,,11.37,0.0092,-0.102,-0.1305,0.1084,0.12710000000000002,224.34,-0.0123,836491.0
HWM,66760000000.00001,53.93,39.98,2.46,8.85,14.11,124.33,65.71,0.2973,0.18530000000000002,0.2224,0.2192,0.023399999999999997,165.39,0.0146,698134.0
IBKR,87790000000.0,28.67,26.72,3.98,9.21,5.03,1.22,6.68,0.045899999999999996,0.057300000000000004,0.2701,0.07200000000000001,0.3233,207.74,0.0049,323495.0
IBM,240980000000.0,44.6,22.3,7.08,3.84,8.97,13.7,19.13,0.0584,0.0635,-0.0946,0.063,-0.030699999999999998,259.29,0.0036,1513815.0
IBN,122570000000.0,20.88,17.98,1.72,3.52,3.55,,,0.0771,0.1402,0.3261,0.1216,0.1094,34.38,0.0179,3111956.0
ICE,101130000000.0,36.51,23.04,3.11,8.94,3.62,38.38,24.47,0.1376,0.10800000000000001,0.0692,0.1173,0.1343,176.3,0.0132,1123976.0
ICLR,10320000000.0,13.91,8.91,3.44,1.26,1.07,19.6,9.9,-0.0527,0.0817,0.0654,0.0404,0.2875,127.84,0.0067,541022.0
IFF,19170000000.0,,16.54,,1.68,1.45,31.27,33.69,-0.0149,0.0673,-0.24989999999999998,0.0499,0.2544,74.95,-0.0102,436409.0
ILMN,12640000000.0,,17.03,,2.92,5.36,10.22,14.43,0.0195,0.10619999999999999,,0.0873,0.0555,79.87,-0.0083,743353.0
INCY,12440000000.0,198.78,9.56,2.02,2.82,3.39,5.16,41.08,4.2654000000000005,0.1859,-0.4036,0.9819,0.1456,64.25,-0.0040999999999999995,363046.0
INFY,75500000000.0,23.89,21.06,3.26,3.92,6.72,16.18,18.02,0.0565,0.0837,0.0677,0.0732,0.0874,18.17,0.0075,5628101.0
ING,64440000000.0,,8.36,,2.65,1.15,,,0.0637,0.1565,0.0928,0.1226,0.1759,21.12,-0.0138,1619955.0
INSM,12290000000.0,,,,32.26,123.82,10.25,,0.0601,0.3009,-0.13119999999999998,0.47100000000000003,0.2177,67.5,0.0202,698673.0
INTC,87810000000.0,,25.46,,1.66,0.88,4.17,,3.26,1.6911,,,-0.053200000000000004,20.13,-0.0204,42378539.0
INTU,201560000000.0,58.67,31.56,3.83,11.08,10.0,32.65,33.03,0.1788,0.14400000000000002,0.1208,0.1533,0.19399999999999998,720.99,0.0825,3969036.0
INVH,20180000000.0,95.82,38.87,16.44,7.44,2.08,63.33,22.91,0.1067,0.034300000000000004,0.3002,0.0583,0.0886,32.92,-0.0054,811849.0
IONQ,11780000000.0,,,,273.68,15.11,20.03,,0.2564,-0.306,-0.8581,0.0482,1.5593000000000001,47.56,0.0387,41374249.0
IOT,26180000000.0,,102.42,,20.96,24.33,37.68,234.84,0.2821,0.3469,0.0916,0.336,0.6183,45.99,-0.0034000000000000002,648914.0
IP,25200000000.0,40.7,14.01,0.7,1.27,1.39,21.8,,0.9007999999999999,0.5867,-0.1253,0.5806,-0.028300000000000002,47.74,-0.0184,997776.0
IQV,23590000000.0,18.58,10.47,2.06,1.52,3.97,12.57,10.91,0.0636,0.1005,0.509,0.0901,0.0704,136.36,-0.012199999999999999,928927.0
IR,32540000000.0,39.87,22.0,5.93,4.47,3.1,20.18,23.73,0.015,0.09759999999999999,0.22010000000000002,0.0672,0.256,80.65,-0.0068000000000000005,1926827.0
IRM,28380000000.0,234.45,41.74,18.48,4.53,,180.96,,0.1275,0.1547,-0.08130000000000001,0.12689999999999999,0.0776,96.19,0.0040999999999999995,360555.0
ISRG,193800000000.0,79.31,59.78,6.09,22.24,11.33,42.96,111.04,0.0625,0.1597,0.10769999999999999,0.1303,0.1381,540.71,-0.0036,528314.0
ITUB,35360000000.0,9.52,8.12,1.01,0.55,2.04,,1.52,0.1352,0.0702,0.019799999999999998,0.09390000000000001,0.0784,6.64,0.0038,28408540.0
ITW,70930000000.0,21.31,22.01,710.3,4.5,21.89,81.25,24.92,-0.1253,0.07400000000000001,0.0863,0.0003,0.0282,242.09,-0.010700000000000001,333128.0
JBHT,13680000000.0,25.05,19.61,1.71,1.13,3.54,315.18,26.67,0.0168,0.24420000000000003,0.0311,0.14679999999999999,0.0679,137.93,-0.0079,323347.0
JBL,17790000000.0,39.71,16.12,3.48,0.65,13.37,10.99,14.2,0.053099999999999994,0.1495,0.439,0.114,0.0329,165.7,0.0036,220624.0
JCI,64379999999.99999,26.09,23.15,2.72,2.62,4.07,80.27,22.09,-0.0182,0.16949999999999998,0.36,0.096,-0.0058,97.83,-0.001,1172815.0
JD,43330000000.0,8.17,7.04,1.13,0.26,1.32,1.54,,-0.0086,0.11320000000000001,0.2528,0.0722,0.15,33.49,-0.0058,4045388.0
JEF,10050000000.0,16.89,11.59,0.76,1.03,0.99,0.78,5.75,-0.1862,0.7288,-0.0032,0.22149999999999997,0.18510000000000001,48.75,-0.003,342941.0
JHX,10090000000.0,24.03,13.54,2.36,2.61,4.67,12.91,28.09,0.0096,0.153,0.1244,0.10189999999999999,0.0859,23.48,-0.011899999999999999,1470739.0
JNJ,368130000000.0,17.01,13.78,2.88,4.12,4.71,9.49,18.07,0.0633,0.0461,0.0055000000000000005,0.059000000000000004,0.0203,153.0,0.0026,3106995.0
JNPR,12000000000.0,34.31,16.28,3.34,2.31,2.48,7.66,17.79,0.20600000000000002,0.06280000000000001,-0.0278,0.10279999999999999,0.0292,35.9,-0.0021,684364.0
JPM,726080000000.0,12.82,13.32,2.49,2.55,2.19,,26.92,0.0171,0.0582,0.12990000000000002,0.0516,0.16829999999999998,261.26,0.0023,3521879.0
K,28540000000.0,20.73,20.72,12.19,2.26,7.29,86.49,33.07,-0.0254,0.0392,0.0676,0.017,-0.011000000000000001,82.27,0.0023,1046436.0
KDP,44690000000.0,29.81,15.16,4.7,2.88,1.83,60.97,24.58,0.0617,0.0646,0.035699999999999996,0.0634,0.067,32.9,-0.0032,3692786.0
KEY,17190000000.0,,9.14,,1.86,1.06,,75.73,0.2418,0.2023,,0.1861,0.0462,15.69,-0.0003,5761721.0
KEYS,27640000000.0,37.52,20.27,3.02,5.41,5.03,8.86,20.53,0.1182,0.12539999999999998,0.015300000000000001,0.1241,0.0336,159.93,-0.011200000000000002,288548.0
KGC,18110000000.0,15.04,12.01,0.95,3.25,2.52,25.63,11.78,0.6918000000000001,0.0681,0.06280000000000001,0.15810000000000002,0.1185,14.76,0.019299999999999998,10491178.0
KHC,31100000000.0,11.91,9.84,,1.22,0.63,11.03,9.83,-0.153,0.029900000000000003,0.0739,-0.0292,0.0072,26.27,-0.0085,5721408.0
KIM,13900000000.0,26.85,27.85,1.84,6.64,1.32,104.87,19.28,0.26739999999999997,0.057999999999999996,-0.07139999999999999,0.146,0.1309,20.54,-0.0034000000000000002,1214194.0
KKR,104900000000.0,51.06,17.68,2.66,6.37,4.2,5.7,13.33,0.0858,0.30519999999999997,-0.0151,0.1918,1.17,117.78,-0.0034999999999999996,1566185.0
KLAC,100080000000.0,27.5,22.78,1.67,8.67,24.99,24.84,28.5,0.36460000000000004,0.0255,0.22039999999999998,0.16510000000000002,0.17329999999999998,756.81,-0.0139,472466.0
KMB,46830000000.0,19.23,18.47,5.09,2.37,42.54,83.18,19.58,-0.026600000000000002,0.0753,0.038900000000000004,0.0378,0.0171,141.12,0.0098,1396893.0
KMI,61870000000.0,24.07,20.56,2.99,3.99,2.02,209.74,26.1,0.1036,0.0673,0.04,0.08039999999999999,0.056900000000000006,27.84,0.018500000000000003,4214399.0
KO,309200000000.0,28.76,22.46,4.73,6.63,11.8,22.43,,0.0301,0.0782,0.0354,0.0608,0.051,71.83,0.0098,5367648.0
KR,45850000000.0,18.73,13.34,2.42,0.31,5.48,8.7,24.46,0.0622,0.08710000000000001,0.1251,0.07730000000000001,0.0384,68.85,0.013300000000000001,2584931.0
KVUE,45560000000.0,43.27,19.4,9.37,2.98,4.53,43.1,31.55,0.0002,0.0725,-0.0666,0.0462,0.015600000000000001,23.73,0.0098,3747425.0
LDOS,19530000000.0,15.27,13.06,2.19,1.15,4.59,21.14,15.84,0.0658,0.0674,0.1492,0.0698,0.085,151.73,-0.0415,833051.0
LEN,27520000000.0,7.64,9.03,109.1,0.77,1.22,10.73,15.1,-0.2803,0.1741,0.2004,0.0007000000000000001,0.1023,104.88,-0.0039000000000000003,629738.0
LHX,44410000000.0,28.15,19.53,17.6,2.09,2.33,85.9,19.57,-0.19920000000000002,0.1598,0.16469999999999999,0.016,0.3132,237.56,-0.0068000000000000005,1010223.0
LI,24050000000.0,27.44,14.94,1.45,1.2,2.45,1.56,,-0.0381,0.4376,,0.18899999999999997,7.3404,28.8,0.0044,1148525.0
LIN,216090000000.0,33.31,25.6,4.06,6.54,5.69,40.82,44.0,0.0574,0.0934,0.2658,0.08199999999999999,0.0336,459.05,0.0001,547287.0
LINE,10360000000.0,,1475.91,,1.95,1.21,52.61,,0.9758,1.3425,,,0.1383,45.34,-0.0066,224022.0
LKQ,10390000000.0,15.05,10.52,2.68,0.74,1.68,45.77,18.36,0.0126,0.0858,0.0848,0.0562,0.0304,40.25,-0.0064,779903.0
LLY,676070000000.0,59.09,24.05,1.43,13.8,42.9,209.91,180.94,0.6786,0.3604,0.1877,0.4143,0.15539999999999998,713.35,-0.0026,1574900.0
LMT,109640000000.0,20.21,15.62,1.55,1.53,16.31,60.81,21.99,0.22829999999999998,0.0931,0.0032,0.13,0.0356,467.93,-0.0053,359273.0
LNG,50670000000.0,16.69,16.69,,3.0,9.12,17.67,16.01,-0.1885,0.1882,0.41409999999999997,-0.0105,0.2361,228.48,-0.0001,671710.0
LNT,15780000000.0,21.19,17.87,3.2,3.87,2.22,631.09,,0.0565,0.0701,0.028399999999999998,0.0663,0.0206,61.42,0.0034000000000000002,369135.0
LOW,123760000000.0,18.32,16.57,2.59,1.49,,36.17,18.53,0.0227,0.0888,0.17370000000000002,0.0706,0.0366,221.12,-0.0118,1365494.0
LRCX,103680000000.0,22.58,20.15,1.44,6.05,10.93,19.02,27.33,0.324,0.0027,0.1617,0.157,0.1085,81.06,-0.0182,3895558.0
LULU,39120000000.0,21.4,19.49,4.23,3.69,8.76,19.71,24.7,0.009000000000000001,0.08470000000000001,0.2432,0.0506,0.22210000000000002,312.27,-0.0256,946140.0
LUV,17640000000.0,36.76,12.4,0.7,0.64,1.88,2.14,,0.231,1.1118000000000001,-0.2929,0.5216,0.1611,30.95,-0.008199999999999999,4362606.0
LVS,28290000000.0,22.31,14.07,2.45,2.53,10.49,9.32,27.15,0.0977,0.1419,-0.1093,0.091,0.2475,40.04,-0.0012,1786185.0
LYB,17950000000.0,17.28,9.16,2.99,0.47,1.48,9.6,11.93,-0.36939999999999995,0.5106,-0.154,0.057800000000000004,0.0702,55.86,-0.0083,1494916.0
LYG,63920000000.0,,8.36,,2.03,1.05,,,0.22460000000000002,0.30670000000000003,0.1258,0.2382,0.1555,4.26,0.0024,20144992.0
LYV,33509999999.999996,49.5,48.79,3.53,1.47,316.1,4.67,25.13,-0.2266,0.3983,,0.14029999999999998,0.7143,144.57,0.001,833633.0
MA,513909999999.99994,39.7,30.4,2.8,17.69,77.2,61.17,34.32,0.091,0.16899999999999998,0.1182,0.142,0.1137,565.96,-0.0073,899083.0
MAR,70790000000.0,29.44,22.69,2.71,2.79,,135.36,38.45,0.0819,0.1286,0.1702,0.10869999999999999,0.10279999999999999,258.46,-0.0085,669368.0
MAS,13030000000.0,16.89,15.21,3.5,1.69,,34.57,15.46,-0.13449999999999998,0.1447,0.1137,0.0483,0.0347,61.78,-0.0144,625672.0
MBLY,12690000000.0,,38.93,,6.85,1.05,8.39,32.05,0.1493,0.3969,-0.5611,0.3693,0.158,15.62,-0.022799999999999997,1454841.0
MCD,225060000000.0,27.77,23.65,3.78,8.75,,181.79,33.57,0.0509,0.08070000000000001,0.0766,0.0735,0.0446,314.75,0.0014000000000000002,1437292.0
MCHP,30160000000.0,,22.23,,6.85,5.0,39.08,31.08,0.039900000000000005,0.852,,0.3464,0.011000000000000001,56.08,-0.0339,5658853.0
MCK,89790000000.0,27.8,17.16,2.22,0.25,,15.08,16.18,0.1267,0.1232,0.3907,0.1253,0.0932,717.65,0.009899999999999999,347080.0
MDB,15050000000.0,,54.59,,7.5,5.33,6.44,124.74,-0.287,0.2927,0.1121,0.08039999999999999,0.3705,184.15,-0.0235,622322.0
MDLZ,85640000000.0,24.58,19.94,9.45,2.35,3.32,52.7,25.85,-0.1012,0.09820000000000001,0.049,0.026000000000000002,0.07200000000000001,66.14,0.009899999999999999,3092431.0
MDT,103110000000.0,22.23,13.36,3.91,3.07,2.15,11.5,19.89,0.0166,0.07780000000000001,0.0037,0.056900000000000006,0.0304,80.39,-0.0064,4718307.0
MET,51930000000.0,12.59,7.49,1.06,0.71,1.89,,3.05,0.1246,0.1274,-0.0038,0.11869999999999999,0.0045000000000000005,77.36,-0.0039000000000000003,1422235.0
META,1588460000000.0,24.64,22.33,2.45,9.32,8.62,22.6,30.37,0.07139999999999999,0.1067,0.2999,0.10060000000000001,0.1906,631.81,-0.0075,5238927.0
MFC,53750000000.0,16.27,9.81,1.94,1.41,1.73,,2.66,0.07150000000000001,0.0883,-0.0008,0.0837,-0.0103,31.19,0.008199999999999999,550070.0
MFG,68069999999.99999,11.81,9.03,1.16,1.2,0.97,,,0.12380000000000001,0.1143,0.07139999999999999,0.1015,0.13140000000000002,5.43,0.0084,1555693.0
MGA,10010000000.0,8.87,6.18,1.55,0.24,0.85,9.45,6.82,-0.1436,0.2403,-0.0891,0.0572,0.0226,35.51,-0.0043,424188.0
MKC,19030000000.0,24.36,21.38,3.49,2.83,3.51,185.11,29.32,0.0327,0.0894,0.0222,0.0697,0.0478,70.96,-0.0049,1883055.0
MMC,113210000000.0,28.18,22.13,3.21,4.52,8.05,70.58,27.1,0.08800000000000001,0.08439999999999999,0.19149999999999998,0.08789999999999999,0.0801,229.77,0.005699999999999999,785831.0
MMM,79910000000.0,18.76,17.77,2.44,3.26,17.9,11.38,,0.050199999999999995,0.0902,-0.0067,0.077,-0.0429,148.49,-0.0086,982507.0
MNST,61700000000.0,41.77,30.26,3.56,8.28,9.46,32.42,34.34,0.14400000000000002,0.1281,0.0801,0.1173,0.12390000000000001,63.27,0.0063,1407518.0
MO,100400000000.0,9.98,10.77,2.76,4.96,,21.24,11.88,0.0527,0.027200000000000002,,0.0361,0.0068000000000000005,59.6,0.0051,2112655.0
MOS,11090000000.0,30.18,12.81,3.33,1.0,0.94,41.42,52.2,0.39759999999999995,-0.0134,,0.0907,0.09480000000000001,34.97,-0.0011,932920.0
MPC,49010000000.0,22.41,13.66,1.69,0.36,3.01,12.86,10.99,-0.16440000000000002,0.47009999999999996,0.2052,0.1324,0.12179999999999999,159.53,0.004,653782.0
MPLX,51680000000.0,11.69,10.44,1.72,4.54,3.74,20.4,10.69,0.0728,0.0742,0.325,0.0681,0.052300000000000006,50.63,0.0062,510630.0
MRK,195040000000.0,11.31,7.99,0.97,3.06,4.04,20.9,11.45,0.16399999999999998,0.0916,0.1204,0.1166,0.07139999999999999,77.67,-0.0022,4978093.0
MRNA,10040000000.0,,,,3.16,1.0,1.68,,-0.0794,0.2611,-0.4294,0.2077,6.6263,25.95,-0.0288,5059638.0
MRVL,52500000000.0,,16.89,,9.1,3.92,55.36,37.59,0.7768,0.2898,,0.3978,0.1814,60.78,-0.0174,9294713.0
MS,202610000000.0,14.82,13.63,1.81,1.91,2.09,,,0.0882,0.0711,0.0889,0.0819,0.1555,126.29,0.0002,1582516.0
MSFT,3362410000000.0,34.96,29.9,2.41,12.45,10.45,42.23,48.47,0.1341,0.1307,0.1845,0.1448,0.14400000000000002,452.39,-0.0054,8795956.0
MSTR,103420000000.0,,,,225.19,3.12,1661.17,,-1.6861000000000002,0.9761,,0.5533,-0.0087,378.29,-0.053,13613034.0
MT,23140000000.0,18.14,6.11,0.39,0.37,0.47,3.57,51.81,1.3138999999999998,0.2601,,0.466,0.0008,30.11,0.005,1050155.0
MTB,28890000000.0,12.06,9.71,0.97,2.19,1.1,,8.11,0.0928,0.1588,0.0125,0.12369999999999999,0.162,179.95,-0.0037,589062.0
MTZ,12060000000.0,56.43,21.9,2.18,0.97,4.2,34.88,13.09,0.5302,0.1545,-0.1679,0.2588,0.124,152.84,0.0137,309869.0
MU,104700000000.0,22.52,8.5,0.22,3.34,2.15,12.74,172.77,4.3942000000000005,0.5714,-0.3389,1.0446,0.08789999999999999,93.68,-0.0121,10447012.0
MUFG,156030000000.0,12.91,10.24,1.21,1.93,1.14,,,0.07730000000000001,0.1209,0.2275,0.1063,0.06309999999999999,13.56,-0.0073,5745292.0
NBIX,11830000000.0,40.54,20.08,1.17,4.9,4.67,12.54,24.04,0.2164,0.488,0.5347,0.3479,0.248,119.56,0.0037,373000.0
NDAQ,47060000000.0,37.16,23.03,3.07,6.02,4.07,66.46,25.37,0.1325,0.1144,0.0453,0.121,0.12369999999999999,81.96,0.0092,1985979.0
NEE,138950000000.0,25.24,16.9,3.05,5.62,2.79,55.36,31.54,0.0703,0.0877,0.11689999999999999,0.0828,0.08,67.5,0.0083,8463255.0
NEM,59630000000.0,12.03,11.87,1.73,3.06,1.92,12.64,14.06,0.2432,0.0436,-0.0557,0.0694,0.1566,53.58,0.0176,5514117.0
NET,54980000000.0,,154.64,,31.06,38.55,28.64,302.02,0.0638,0.28550000000000003,0.08130000000000001,0.2316,0.4255,158.61,0.0025,772114.0
NFLX,505710000000.0,56.15,38.33,2.37,12.68,21.05,60.38,67.92,0.2872,0.2147,0.3685,0.237,0.1425,1188.3,0.0003,1285135.0
NI,18310000000.0,20.95,19.35,2.85,3.09,2.06,60.28,,0.0691,0.0742,0.1316,0.0735,0.0143,38.89,0.0101,679608.0
NKE,88590000000.0,19.97,30.93,,1.85,6.33,8.52,16.68,-0.4598,-0.0906,0.084,-0.1307,0.059000000000000004,60.02,-0.0212,7946887.0
NLY,11390000000.0,21.4,6.47,7.78,1.8,0.99,6.21,7.82,0.057999999999999996,0.019,,0.0275,0.8664000000000001,18.83,0.0051,3188607.0
NOC,67780000000.0,18.53,16.41,3.14,1.68,4.53,40.22,38.16,-0.0332,0.1379,0.16469999999999999,0.0591,0.0401,470.9,-0.0042,300443.0
NOK,27990000000.0,36.28,13.45,16.2,1.36,1.29,3.86,14.58,-0.1809,0.19399999999999998,3.1510000000000002,0.022400000000000003,-0.0425,5.35,-0.0015,8102005.0
NOW,209260000000.0,137.24,50.92,7.01,18.25,20.64,31.68,56.85,0.1906,0.1979,0.1656,0.19579999999999997,0.26039999999999996,1010.98,-0.004699999999999999,518939.0
NRG,30870000000.0,24.87,18.86,2.03,1.06,14.59,43.61,13.58,0.12380000000000001,0.0906,-0.2043,0.1226,0.3975,157.91,0.0169,1097940.0
NSC,54060000000.0,16.38,16.8,1.6,4.46,3.73,53.74,28.62,0.06860000000000001,0.1272,0.0246,0.1023,0.0199,239.82,0.0007000000000000001,349916.0
NTAP,20260000000.0,18.16,12.7,1.96,3.11,20.03,8.96,16.01,0.11900000000000001,0.0692,0.0051,0.0928,0.0384,98.15,-0.0163,1475509.0
NTES,75920000000.0,17.15,13.6,1.79,5.11,3.88,3.83,13.4,0.1671,0.0452,0.075,0.0959,0.11869999999999999,119.4,0.0032,617489.0
NTNX,21350000000.0,,42.64,,9.21,,12.25,33.27,0.23800000000000002,0.1577,0.3171,0.21559999999999999,0.11800000000000001,80.05,0.0024,728794.0
NTR,29030000000.0,55.74,14.46,10.21,1.13,1.21,32.44,30.78,0.1686,0.013500000000000002,-0.0435,0.0546,0.0789,59.42,0.009000000000000001,934291.0
NTRA,20970000000.0,,,,11.45,16.84,21.15,246.2,-0.43439999999999995,0.517,0.0318,,0.4183,153.6,0.0073,545223.0
NTRS,20580000000.0,9.88,12.41,,1.33,1.72,,5.69,-0.18359999999999999,0.0692,0.08070000000000001,-0.019799999999999998,0.20199999999999999,105.81,-0.0055000000000000005,399435.0
NU,57750000000.0,27.26,15.68,0.75,5.33,6.72,,5.72,0.37810000000000005,0.3746,,0.3651,0.8704999999999999,11.98,-0.0216,53253380.0
NUE,25390000000.0,19.6,10.25,1.23,0.83,1.27,6.25,48.68,-0.038900000000000004,0.32030000000000003,0.15380000000000002,0.15990000000000001,0.1125,110.05,-0.0058,763197.0
NVDA,3215740000000.0,44.86,23.49,1.53,24.64,40.69,74.42,52.84,0.4661,0.2807,0.9183,0.2939,0.7088,131.86,-0.0073,126807767.0
NVO,225350000000.0,19.86,14.22,1.04,5.17,14.82,37.46,15.78,0.25780000000000003,0.18359999999999999,0.21739999999999998,0.1906,0.1858,66.94,-0.018000000000000002,3743393.0
NVS,214060000000.0,17.66,12.52,2.57,4.14,5.76,29.75,12.16,0.1079,0.040999999999999995,0.1399,0.0687,0.0174,112.81,0.0027,483180.0
NVT,10750000000.0,18.65,18.83,1.25,3.34,2.97,8.01,20.13,0.23929999999999998,0.1242,0.0891,0.1496,0.0728,65.32,0.0076,489098.0
NWG,57820000000.0,9.66,8.3,0.82,1.52,1.26,,,0.1235,0.12789999999999999,0.1389,0.11710000000000001,0.1483,14.34,0.0138,3175469.0
NWSA,16620000000.000002,32.68,27.51,1.78,1.77,1.93,7.93,20.59,0.2905,0.1223,0.11960000000000001,0.1839,0.003,27.9,0.0089,1351030.0
NXPI,48900000000.0,21.08,14.07,2.51,3.97,5.26,12.26,26.76,-0.11230000000000001,0.184,0.6274000000000001,0.084,0.0808,193.55,-0.0151,1602936.0
O,49980000000.0,50.22,36.68,2.96,9.23,1.28,156.66,14.5,0.4097,0.092,-0.0664,0.1697,0.2985,55.34,0.0029,1851176.0
OC,11410000000.0,48.15,9.09,34.89,1.02,2.34,27.96,10.18,-0.1478,0.0885,0.1491,0.0138,0.0928,134.12,-0.0075,291687.0
ODFL,34280000000.0,30.41,26.95,3.91,5.98,8.12,352.66,41.2,-0.0605,0.16879999999999998,0.16510000000000002,0.07780000000000001,0.08109999999999999,162.21,-0.0085,379027.0
OHI,10420000000.0,22.57,19.9,3.93,9.53,2.17,25.78,14.27,0.0968,0.0641,-0.0044,0.0574,0.0362,36.0,-0.0001,550308.0
OKE,50740000000.0,15.86,13.21,1.66,2.03,2.37,359.85,16.45,0.0431,0.1399,0.1096,0.0958,0.24100000000000002,81.23,-0.0017000000000000001,866320.0
OKTA,21750000000.0,2121.16,35.31,166.24,8.33,3.37,8.62,29.31,0.1376,0.1013,,0.1276,0.3564,124.3,0.0031,907840.0
OMC,14240000000.0,9.98,8.2,1.72,0.9,3.26,4.21,10.04,0.0426,0.0593,0.042199999999999994,0.0579,0.0123,72.96,-0.0023,1086100.0
ON,17250000000.0,28.64,13.3,6.05,2.59,2.15,5.72,12.3,-0.425,0.3565,0.4817,0.0473,0.0639,41.28,-0.023799999999999998,4577044.0
ONON,19100000000.0,83.0,40.41,4.55,6.68,11.68,19.39,49.59,-0.08470000000000001,0.3616,,0.1825,0.5856,58.99,0.0029,2680792.0
ORCL,439350000000.0,36.81,23.55,2.74,7.88,26.25,24.65,75.59,0.07429999999999999,0.11410000000000001,0.0454,0.1344,0.0621,156.68,-0.004,2919019.0
OTIS,38210000000.0,25.39,21.56,2.72,2.7,,19.81,26.3,0.0513,0.1152,0.0956,0.0933,0.018500000000000003,96.82,-0.0037,830290.0
OWL,28210000000.0,184.24,16.54,10.88,11.44,4.9,288.96,31.39,0.18969999999999998,0.2077,,0.1693,0.8876000000000001,18.3,0.0036,2019491.0
OXY,40470000000.0,16.64,13.05,2.76,1.46,1.47,15.41,9.12,-0.2921,0.2866,,0.0603,0.1082,41.12,0.0011,3490296.0
PAA,11740000000.0,17.97,11.04,10.63,0.23,1.55,27.5,5.71,0.0496,-0.0461,-0.2268,0.0169,0.1482,16.69,0.0045000000000000005,637829.0
PAGP,13560000000.0,24.3,11.24,0.51,0.27,2.6,31.6,6.61,2.0017,0.0165,-0.2322,0.4793,0.1483,17.83,0.0070999999999999995,332340.0
PANW,124710000000.0,107.03,50.77,7.57,14.05,17.22,37.66,41.56,0.154,0.1261,,0.1414,0.22690000000000002,187.03,0.0048,2555100.0
PAYX,56250000000.0,32.48,29.5,5.15,10.34,13.66,34.09,35.27,0.0584,0.059500000000000004,0.10300000000000001,0.063,0.0704,156.16,-0.0001,453083.0
PBA,21820000000.0,17.09,16.51,3.44,3.82,2.04,202.57,11.63,0.0359,0.0541,0.016,0.0496,0.071,37.55,0.0109,218343.0
PBR,43650000000.0,8.92,4.76,0.11,0.49,1.09,5.68,2.23,4.385400000000001,-0.0683,-0.0265,0.7859999999999999,0.09449999999999999,11.73,-0.0067,11636397.0
PBR-A,29140000000.0,8.38,4.52,0.11,0.33,1.03,3.79,1.49,4.3728,-0.0765,-0.0265,0.7875,0.09449999999999999,11.02,-0.005,3133340.0
PCAR,49070000000.0,14.18,13.82,,1.52,2.72,5.88,20.77,-0.28300000000000003,0.1937,0.1152,-0.042199999999999994,0.0779,93.47,-0.0091,871549.0
PCOR,10130000000.0,,43.63,,8.49,8.57,17.87,86.86,0.2943,0.2929,0.0204,0.2752,0.3201,67.91,0.0034999999999999996,290731.0
PDD,164830000000.0,11.22,7.95,0.77,3.01,3.84,3.01,,0.065,0.21780000000000002,,0.1458,0.6731,118.4,-0.011699999999999999,4043234.0
PEG,39340000000.0,21.55,18.15,2.78,3.64,2.4,43.27,,0.0909,0.0818,0.012,0.0774,0.027999999999999997,78.83,0.0189,984770.0
PEP,177030000000.0,18.99,15.44,6.62,1.93,9.64,20.63,24.36,-0.0329,0.059800000000000006,0.059800000000000006,0.0287,0.0654,129.12,-0.0077,4822258.0
PFE,132699999999.99998,16.92,7.57,,2.12,1.47,7.66,11.83,-0.035699999999999996,0.0281,-0.1325,-0.003,0.17190000000000003,23.34,0.013000000000000001,16764512.0
PFG,17330000000.0,16.57,8.6,1.33,1.1,1.55,,3.52,0.15869999999999998,0.1133,0.061200000000000004,0.1249,0.013000000000000001,77.31,-0.0006,321594.0
PFGC,13240000000.0,35.29,16.43,2.8,0.22,3.03,1297.62,24.09,0.020099999999999996,0.1766,0.12,0.1261,0.25989999999999996,84.79,0.0131,513231.0
PG,388840000000.0,26.34,23.68,6.44,4.63,7.55,42.65,25.88,0.028300000000000002,0.0334,0.3328,0.0409,0.0444,165.85,0.005,2683856.0
PGR,162890000000.0,18.71,17.55,2.74,2.07,5.62,,10.35,0.136,-0.0078000000000000005,0.1648,0.0683,0.1434,277.87,0.0027,651418.0
PHG,21040000000.0,,13.24,,1.08,1.67,16.32,15.52,0.0723,0.1057,,0.10779999999999999,-0.020499999999999997,22.74,-0.014199999999999999,549447.0
PHM,19640000000.0,6.91,8.11,,1.1,1.6,15.39,13.48,-0.2188,0.0527,0.3208,-0.0187,0.1225,97.97,-0.0062,584065.0
PHYS,11950000000.0,,,,,,,,,,,,,25.67,0.0215,2693468.0
PINS,20990000000.0,11.26,14.58,0.44,5.58,4.47,8.03,22.04,0.3933,0.18350000000000002,,0.2545,0.275,31.02,-0.023,4357919.0
PLD,99140000000.0,26.33,32.2,,11.82,1.81,147.73,24.13,-0.3151,0.1794,0.1082,-0.018799999999999997,0.2051,104.31,-0.0074,1348445.0
PLTR,294920000000.0,545.73,170.03,16.49,94.68,54.37,54.23,223.7,0.4224,0.26030000000000003,,0.331,0.3148,124.97,0.0219,42273542.0
PM,277320000000.0,36.61,21.52,3.25,7.26,,61.96,27.2,0.1367,0.10830000000000001,-0.0038,0.1128,0.049699999999999994,178.17,0.0168,2114725.0
PNC,68120000000.00001,12.16,10.02,1.0,2.04,1.35,,8.56,0.09609999999999999,0.1414,0.0384,0.1211,0.10779999999999999,172.21,-0.0045000000000000005,596192.0
PNR,15920000000.0,24.96,18.48,2.69,3.91,4.38,113.26,20.86,0.095,0.1045,0.12390000000000001,0.09269999999999999,0.0707,96.79,-0.0088,511432.0
PNW,10800000000.0,17.98,17.8,6.29,2.08,1.6,123.34,,-0.1317,0.11720000000000001,0.0187,0.0286,0.0816,90.49,0.0067,162718.0
PPC,11750000000.0,9.76,11.1,,0.65,3.75,5.65,8.51,-0.030600000000000002,-0.1509,0.20129999999999998,,0.0975,49.54,0.0070999999999999995,342191.0
PPG,24950000000.0,18.62,12.93,3.19,1.49,3.6,13.18,31.66,-0.0060999999999999995,0.0872,0.0271,0.0584,0.0148,109.92,-0.0116,438449.0
PPL,25600000000.0,25.86,17.68,3.48,2.96,1.79,72.32,,0.076,0.0775,-0.1275,0.07429999999999999,0.0395,34.63,0.0073,2139213.0
PR,10160000000.0,7.84,9.25,1.09,1.98,0.95,14.46,16.76,-0.051699999999999996,-0.0023,0.9007,0.0722,0.505,12.7,-0.012,3054655.0
PRMB,12020000000.0,,17.45,,3.0,3.6,26.72,46.91,0.49920000000000003,0.2079,,0.2816,0.3675,31.92,0.021099999999999997,2637431.0
PRU,36120000000.0,16.15,6.91,2.08,0.6,1.21,,46.61,0.0852,0.0788,-0.0579,0.07780000000000001,0.0358,102.04,-0.0027,845960.0
PSTG,18130000000.0,181.17,25.72,15.38,5.72,13.83,11.91,34.41,-0.0139,0.2695,,0.11779999999999999,0.1459,55.42,-0.011200000000000002,1644394.0
PSX,46050000000.0,25.78,10.95,1.05,0.33,1.69,30.93,15.56,-0.271,1.3031,-0.0591,0.2462,0.14150000000000001,113.03,0.0005,995933.0
PWR,49620000000.0,54.13,28.31,3.46,1.99,6.66,95.07,34.63,0.1523,0.14429999999999998,0.1722,0.1566,0.15109999999999998,334.79,0.012,529214.0
PYPL,67959999999.99999,15.68,12.35,1.38,2.14,3.38,6.06,11.39,0.0956,0.1109,0.14029999999999998,0.114,0.1283,69.88,-0.022000000000000002,4068832.0
QCOM,160210000000.0,14.86,12.14,2.27,3.79,5.79,11.57,13.69,0.154,0.0192,0.20079999999999998,0.0655,0.1222,145.91,-0.009899999999999999,4509383.0
QSR,22900000000.0,23.77,17.33,2.52,2.61,7.35,25.48,18.97,0.1072,0.0906,0.057699999999999994,0.0944,0.0904,69.91,0.0069,697811.0
RBA,19960000000.0,52.92,26.51,,4.61,3.78,27.66,25.87,0.07780000000000001,0.081,0.0793,,0.31670000000000004,107.8,-0.0068000000000000005,583966.0
RBLX,56190000000.0,,,,14.65,180.72,20.47,64.08,0.016,0.1566,-0.6192,0.15,0.5197999999999999,82.84,0.0126,2564889.0
RBRK,17970000000.0,,,,20.27,,25.48,839.6,0.2672,0.48560000000000003,-0.5767,,0.2373,92.92,0.019799999999999998,1018992.0
RCI,14030000000.0,11.02,7.31,5.62,0.94,1.9,7.53,11.28,-0.0181,0.0391,-0.04650000000000001,0.0196,0.0625,26.07,0.0012,248469.0
RCL,65400000000.00001,20.23,13.59,1.03,3.9,8.22,169.43,31.0,0.2985,0.1564,0.040999999999999995,0.1972,0.8847,240.83,0.0102,683534.0
RDDT,18740000000.0,157.15,44.59,,12.93,8.44,9.61,59.84,1.3731,0.8332999999999999,-0.6502,,0.5791,101.58,0.0332,4104587.0
RDY,11930000000.0,17.88,21.95,,3.1,3.27,17.61,34.57,0.0017000000000000001,-0.17980000000000002,0.19329999999999997,-0.0229,0.0942,14.32,0.0028000000000000004,356573.0
REG,12990000000.0,33.55,29.14,3.85,8.82,1.99,165.4,33.83,0.083,0.068,0.0816,0.08710000000000001,0.0632,71.13,0.0007000000000000001,463174.0
REGN,63770000000.0,15.04,14.96,8.0,4.53,2.17,7.64,20.56,-0.2187,0.1076,0.1574,0.018799999999999997,0.221,590.69,-0.0103,331558.0
RF,19140000000.0,10.28,8.64,1.23,2.05,1.14,,7.84,0.0588,0.0977,0.0513,0.0836,0.07440000000000001,21.3,-0.0034000000000000002,2949018.0
RIO,77270000000.0,8.76,9.96,24.33,1.45,1.81,8.67,12.09,-0.0493,-0.0276,0.07690000000000001,0.0036,0.059500000000000004,61.63,0.0084,3216447.0
RIVN,18100000000.0,,,,3.61,2.91,2.52,,0.3632,0.09300000000000001,-0.5818,0.226,6.1880999999999995,15.78,-0.0079,13342938.0
RJF,29450000000.0,14.06,13.21,1.92,1.89,2.44,2.19,14.62,0.0286,0.0689,0.1521,0.0732,0.135,145.97,-0.0034000000000000002,231701.0
RKLB,11690000000.0,,,,25.09,27.06,27.29,,0.18489999999999998,0.7878000000000001,0.1401,,1.0256999999999998,25.34,-0.018600000000000002,9923769.0
RKT,25460000000.0,,17.71,,5.31,3.27,17.82,,0.44,1.1695,,0.6372,0.25170000000000003,12.73,0.0127,3109665.0
RL,16980000000.0,23.66,18.03,2.02,2.4,6.53,8.14,16.66,0.1182,0.1052,0.1845,0.11689999999999999,0.0521,274.76,-0.0096,502241.0
RMD,35700000000.0,27.34,23.02,1.87,7.11,6.45,38.27,22.76,0.2296,0.11410000000000001,0.19829999999999998,0.1465,0.1249,243.47,-0.008199999999999999,227015.0
ROK,34500000000.0,38.54,26.84,3.79,4.33,10.03,75.66,32.25,0.0039000000000000003,0.1697,0.0728,0.1017,0.0479,306.08,-0.0007000000000000001,205442.0
ROKU,10050000000.0,,114.51,,2.36,3.98,4.45,53.18,0.7709999999999999,3.9347000000000003,-0.11449999999999999,,0.3111,68.5,-0.0182,1042729.0
ROL,27630000000.0,57.87,45.81,4.41,7.98,20.38,132.02,46.05,0.14800000000000002,0.1291,0.1839,0.1311,0.1097,57.01,0.0046,533831.0
ROST,44950000000.0,21.6,20.17,4.08,2.11,8.16,11.83,27.98,-0.0184,0.0925,0.0655,0.053,0.0812,136.71,-0.10210000000000001,13372022.0
RPRX,18290000000.0,13.27,6.47,1.23,8.08,2.07,16.63,6.64,0.0693,0.1389,-0.2151,0.10769999999999999,0.0479,32.53,0.006999999999999999,978122.0
RSG,79040000000.0,38.14,33.13,3.9,4.89,6.77,952.34,33.64,0.0663,0.1085,0.1426,0.09789999999999999,0.0947,252.95,0.0077,351076.0
RTO,12000000000.0,30.86,16.05,4.86,1.73,2.27,10.34,17.95,0.0036,0.08560000000000001,-0.0447,0.0635,0.16190000000000002,23.88,0.0231,315175.0
RTX,177910000000.0,39.05,19.88,4.18,2.18,2.89,34.5,32.64,0.0414,0.12240000000000001,-0.11130000000000001,0.0935,0.125,133.17,-0.0067,2059386.0
RVTY,10500000000.0,35.21,16.26,4.58,3.79,1.39,9.22,20.12,0.0044,0.1131,0.0337,0.07690000000000001,0.0042,89.06,-0.015700000000000002,365728.0
RY,181610000000.0,14.44,12.62,3.53,1.85,2.14,,,0.10679999999999999,0.071,0.0462,0.0409,0.1678,128.57,0.016200000000000003,402613.0
RYAAY,29600000000.0,17.74,11.62,0.96,1.97,3.9,6.87,14.83,0.3002,0.1267,0.1941,0.1858,0.493,55.72,0.0096,849918.0
RYAN,18080000000.0,9312.16,26.89,467.71,6.76,16.01,88.84,41.88,0.16870000000000002,0.225,0.0346,0.1991,0.2738,68.91,0.0028000000000000004,190935.0
SAN,119660000000.0,9.09,7.67,0.69,0.84,1.09,,,0.19949999999999998,0.0712,0.16519999999999999,0.1321,0.1208,7.91,-0.0044,2077190.0
SAP,344890000000.0,56.75,36.06,2.06,9.14,6.98,24.59,61.01,0.4744,0.1776,-0.014199999999999999,0.2759,0.0385,295.64,-0.013999999999999999,914041.0
SBAC,24650000000.0,30.37,24.88,2.72,9.18,,33.99,31.55,0.1984,0.10890000000000001,0.4017,0.1116,0.0602,229.45,0.0052,142309.0
SBS,14050000000.0,7.66,11.55,0.43,2.07,2.1,9.84,11.03,-0.0424,0.4069,0.15789999999999998,0.1793,0.0989,20.55,0.002,618762.0
SBUX,96280000000.0,30.79,28.23,11.71,2.65,,31.97,34.82,-0.2595,0.2243,0.0253,0.0263,0.0706,84.72,0.0089,2960788.0
SCCO,74120000000.0,20.59,20.78,5.73,6.2,7.75,17.1,22.11,0.056799999999999996,-0.0206,0.1814,0.0359,0.10490000000000001,92.19,0.0195,504361.0
SCHW,158950000000.0,26.59,17.17,1.18,6.07,3.94,2.62,7.48,0.3215,0.1864,0.0226,0.2248,0.1867,87.48,0.0019,2005821.0
SCI,10910000000.0,21.11,18.35,1.98,2.59,6.65,46.35,17.05,0.0722,0.10289999999999999,0.12140000000000001,0.1065,0.0555,76.61,0.0003,433211.0
SE,90360000000.0,116.28,32.09,2.36,5.04,10.92,8.83,,0.8269,0.4661,,0.4932,0.5740999999999999,165.35,0.028999999999999998,2316202.0
SFM,16110000000.0,37.07,28.8,1.9,2.0,12.55,56.0,33.16,0.3517,0.1278,0.24609999999999999,0.19469999999999998,0.0675,164.66,0.0179,390091.0
SGI,13350000000.0,41.09,21.07,3.32,2.5,4.87,120.2,24.15,-0.030299999999999997,0.2289,0.0559,0.12369999999999999,0.0875,64.03,-0.0024,823085.0
SHEL,196700000000.0,15.26,9.44,5.04,0.7,1.11,5.53,6.76,-0.1454,0.0875,0.0538,0.030299999999999997,0.0352,65.97,0.0003,1589736.0
SHOP,133330000000.00002,82.88,57.3,3.35,14.22,12.06,24.18,78.64,0.1096,0.28300000000000003,,0.2473,0.43270000000000003,102.77,-0.005,3038488.0
SHW,88390000000.0,33.38,26.55,3.4,3.84,21.4,442.4,40.63,0.051100000000000007,0.11560000000000001,0.1393,0.09820000000000001,0.053099999999999994,352.71,-0.0006,394088.0
SJM,11940000000.0,,10.88,,1.36,1.73,252.86,14.64,0.0113,0.0258,0.09539999999999998,0.036000000000000004,0.0126,112.15,0.0015,292638.0
SLB,45670000000.0,11.39,9.89,3.06,1.27,2.34,11.72,9.12,-0.0776,0.0796,,0.037200000000000004,0.0378,33.58,-0.0052,5549033.0
SMCI,23760000000.0,21.97,13.72,0.98,1.1,3.72,9.36,667.74,-0.0479,0.3796,0.6898000000000001,0.2231,0.391,39.81,-0.0366,26218559.0
SMFG,97420000000.0,12.72,11.77,1.01,1.56,0.99,,,0.1425,0.0852,0.047400000000000005,0.12560000000000002,0.09880000000000001,15.09,0.01,955966.0
SMMT,19160000000.0,,,,,55.93,52.98,,-0.3093,-0.37479999999999997,-0.1052,-0.2552,-0.0894,25.97,0.0078000000000000005,944921.0
SN,13340000000.0,30.1,16.58,2.09,2.35,6.58,59.36,66.6,0.1451,0.1451,0.07200000000000001,0.1441,0.19879999999999998,95.03,-0.0036,679445.0
SNAP,13860000000.0,,,,2.51,6.05,4.32,46.97,0.040999999999999995,0.2286,0.1096,0.3319,0.2773,8.3,-0.016,9529535.0
SNOW,67060000000.0,,129.76,,17.46,22.37,17.15,88.48,0.3232,0.4103,-0.25129999999999997,0.3864,0.7281,200.98,-0.0108,9409549.0
SNPS,77350000000.0,36.99,29.48,2.55,12.75,8.31,20.29,59.33,0.1283,0.13949999999999999,0.3329,0.14529999999999998,0.1288,500.29,-0.0063,247146.0
SNY,127240000000.0,21.81,10.39,1.65,2.86,1.63,16.26,16.0,0.23129999999999998,0.0993,0.1305,0.1321,0.0213,52.22,-0.0054,802804.0
SO,98200000000.0,21.42,19.56,3.29,3.53,2.9,42.11,,0.056100000000000004,0.0683,-0.023399999999999997,0.0652,0.056799999999999996,89.35,0.005699999999999999,1423472.0
SOFI,14500000000.0,31.17,24.53,1.21,3.72,2.17,5.33,9.92,-0.29719999999999996,0.9506,,0.2572,0.41119999999999995,13.11,-0.005699999999999999,29919701.0
SOLV,12210000000.0,32.53,11.92,,1.47,3.74,22.87,31.24,-0.1707,0.0659,,-0.0033,0.0034000000000000002,70.59,-0.0285,628317.0
SONY,153850000000.0,20.66,18.71,7.43,1.81,2.81,6.7,9.41,-0.0097,0.0683,0.0737,0.0278,0.026699999999999998,25.53,0.008100000000000001,2699254.0
SPG,59310000000.0,23.5,22.96,,9.9,20.02,42.98,17.16,-0.1054,0.0545,0.0213,-0.0138,0.0165,157.27,-0.0043,379519.0
SPGI,156820000000.0,40.15,26.99,3.86,10.82,4.81,106.75,28.25,0.0789,0.1185,0.0751,0.1039,0.1656,511.32,0.0,536550.0
SPOT,131580000000.00002,108.02,47.26,2.61,7.56,19.91,15.39,47.32,0.5425,0.4482,,0.41369999999999996,0.1766,655.35,0.0292,1103600.0
SRE,50540000000.0,17.05,15.5,3.42,3.83,1.64,28.73,,-0.0281,0.1067,0.0392,0.0499,0.0455,77.5,0.0098,960375.0
SSNC,19620000000.0,24.76,12.33,2.93,3.29,2.89,4.34,13.89,0.0817,0.1023,0.12539999999999998,0.08439999999999999,0.0492,79.54,0.008100000000000001,373616.0
STLA,28580000000.0,5.11,3.8,0.71,0.17,0.34,0.74,,-0.2608,0.3627,-0.0034000000000000002,0.0723,0.33640000000000003,9.98,-0.0362,10508111.0
STLD,19110000000.0,17.01,10.44,1.2,1.11,2.18,15.83,,0.0040999999999999995,0.24710000000000001,0.26489999999999997,0.1412,0.1643,128.7,-0.0092,887485.0
STM,21710000000.0,20.88,15.87,2.12,1.76,1.24,3.64,452.27,-0.5847,1.2404000000000002,0.0751,0.0984,0.0843,24.5,-0.0268,4067981.0
STT,27450000000.0,10.81,9.26,1.04,1.29,1.2,,11.82,0.08470000000000001,0.1009,0.0885,0.10369999999999999,0.1241,96.24,-0.0012,456429.0
STX,23660000000.0,16.11,11.55,0.16,2.77,,29.0,30.61,5.1484000000000005,0.2173,-0.2587,1.0348,-0.07200000000000001,111.5,0.0242,3094346.0
STZ,32920000000.0,,13.33,,3.22,4.79,483.34,16.98,-0.07339999999999999,0.0864,-0.4841,,0.052000000000000005,184.9,0.0008,594032.0
SU,44220000000.0,10.29,11.88,2.59,1.21,1.41,22.95,6.92,-0.2243,0.027000000000000003,0.1972,0.0397,0.1197,35.74,0.0105,1870188.0
SUZ,11580000000.0,,6.33,,1.31,1.73,4.04,9.3,2.7352999999999996,-0.124,-0.14400000000000002,,0.07629999999999999,9.35,-0.0059,676444.0
SW,22820000000.0,35.9,11.82,0.49,0.88,1.28,28.64,,2.5706,0.2671,-0.1833,0.7353000000000001,0.19190000000000002,43.86,-0.0139,833455.0
SWK,10170000000.0,27.93,11.64,1.75,0.67,1.15,29.18,13.3,-0.0209,0.3235,-0.209,0.1595,0.0391,65.75,-0.0089,1045876.0
SWKS,10510000000.0,27.34,16.49,,2.66,1.81,6.97,7.78,-0.1886,-0.1659,-0.0548,-0.0602,0.06709999999999999,69.99,-0.0053,1681349.0
SYF,21630000000.0,7.8,6.53,0.49,1.1,1.41,1.0,2.21,0.16899999999999998,0.1311,0.08990000000000001,0.1597,0.0768,56.83,-0.011000000000000001,1117998.0
SYK,144730000000.0,51.11,25.52,4.71,6.23,6.91,60.08,40.46,0.09519999999999999,0.1115,0.07200000000000001,0.1085,0.08960000000000001,378.7,0.0011,772669.0
SYM,17270000000.0,,64.05,,8.29,15.46,18.07,48.09,0.7714,1.1518000000000002,-4.1528,0.7936,0.37579999999999997,29.3,-0.0045000000000000005,670353.0
SYY,34690000000.0,18.51,15.36,3.19,0.43,18.05,22.72,16.53,0.0149,0.0654,0.039599999999999996,0.057999999999999996,0.0665,71.56,-0.0059,1294351.0
T,197590000000.0,16.86,12.29,5.19,1.61,1.9,28.31,10.14,-0.0788,0.073,-0.0467,0.0325,-0.0716,27.46,0.0084,14643463.0
TAK,45710000000.0,66.84,23.34,1.43,1.52,0.99,17.75,9.17,1.0526,0.293,0.114,0.46840000000000004,-0.0007000000000000001,14.52,0.008,690958.0
TAP,10960000000.0,10.9,8.49,2.62,0.97,0.84,26.55,9.98,0.0104,0.0604,0.36840000000000006,0.0416,0.021099999999999997,54.19,-0.0023,1026262.0
TCOM,40650000000.0,18.19,15.23,2.08,5.31,2.02,3.77,,-0.022799999999999997,0.1495,-0.2477,0.0875,0.1865,62.23,0.0191,1941554.0
TD,118890000000.0,9.92,11.0,1.78,1.29,1.41,,6.73,0.025099999999999997,0.08130000000000001,-0.0591,0.0558,0.1703,67.87,0.0137,1177321.0
TEAM,54380000000.0,,49.29,,10.96,39.71,18.28,37.57,0.2077,0.1845,0.15380000000000002,0.2084,0.2928,206.58,-0.0086,1051759.0
TECK,18100000000.0,76.48,20.13,,2.13,1.03,4.19,,-0.1887,0.21969999999999998,,-0.0025,0.06280000000000001,36.35,0.0248,1327665.0
TEL,46930000000.0,34.68,17.55,3.5,2.93,3.89,18.37,16.87,0.08779999999999999,0.09630000000000001,0.1273,0.09910000000000001,0.039,158.25,-0.0042,617208.0
TEM,10600000000.0,,,,13.2,32.48,48.45,,0.5527000000000001,0.9788,-0.3248,,0.3944,61.23,0.0334,6997722.0
TER,12370000000.0,21.83,17.06,1.09,4.26,4.43,24.37,20.33,-0.0068000000000000005,0.41350000000000003,0.049800000000000004,0.2011,0.059800000000000006,77.12,-0.0174,820156.0
TEVA,19340000000.0,,6.11,,1.17,3.09,11.39,9.28,0.023799999999999998,0.08349999999999999,-0.0962,0.0726,-0.0032,16.88,-0.0038,3353074.0
TFC,51460000000.0,11.58,8.8,0.86,2.13,0.88,,11.51,0.15839999999999999,0.1476,,0.1353,0.1419,39.3,-0.0048,2834159.0
TGT,43020000000.0,10.41,11.59,,0.41,2.88,14.9,12.17,-0.1502,0.08470000000000001,0.0684,-0.0064,0.0673,94.69,-0.0039000000000000003,4333755.0
THC,15200000000.0,10.82,11.99,1.19,0.74,3.64,5.07,10.77,0.0719,0.0716,,0.0911,0.0241,163.65,0.0144,558900.0
TJX,141650000000.0,29.92,25.59,3.53,2.49,16.92,33.29,37.5,0.052300000000000006,0.1058,0.0981,0.0848,0.087,126.87,-0.0209,4239303.0
TKO,31300000000.0,91.82,29.39,,9.09,3.11,49.73,50.8,142.5,0.8748999999999999,-0.4228,,0.2646,158.17,0.0124,621564.0
TLN,11080000000.0,25.37,18.46,,3.46,9.39,34.62,,-0.6374,1.0581,,-0.0509,-0.1328,243.43,0.020099999999999996,216078.0
TME,12190000000.0,20.61,20.5,1.04,3.04,2.36,3.31,,0.47659999999999997,-0.022000000000000002,0.1119,0.1978,0.0203,17.42,0.028900000000000002,3915794.0
TMO,148510000000.0,23.09,15.93,2.89,3.46,3.01,24.91,22.09,0.0206,0.1067,0.1252,0.0799,0.1157,393.42,-0.0176,1320441.0
TMUS,275270000000.0,23.63,19.08,1.54,3.33,4.51,22.44,17.88,0.1076,0.1877,0.1924,0.15380000000000002,0.1416,242.43,0.0067,1899893.0
TOL,10340000000.0,7.71,7.24,3.59,0.97,1.29,15.06,12.62,-0.0702,0.0296,0.301,0.0215,0.0897,103.97,-0.0016,813181.0
TOST,24700000000.0,182.09,38.31,4.8,4.73,14.73,16.59,60.55,0.6684,0.2047,,0.379,0.5219,42.7,0.0005,2111093.0
TPG,17410000000.0,,16.39,,4.7,7.07,20.84,,-0.0118,0.41850000000000004,,0.1972,0.30260000000000004,47.1,0.0023,806681.0
TPR,16030000000.000002,20.3,14.33,1.64,2.33,10.73,15.16,17.96,0.1782,0.06559999999999999,0.096,0.1235,0.0285,77.16,-0.0232,1594600.0
TRGP,34780000000.0,29.46,17.21,1.27,2.06,14.22,154.17,54.39,0.30329999999999996,0.2365,,0.2327,0.21789999999999998,160.33,0.0078000000000000005,640188.0
TRMB,16860000000.0,11.51,21.52,1.15,4.72,3.09,58.14,40.16,0.0166,0.1336,0.2451,0.1003,0.0269,70.67,-0.0017000000000000001,353286.0
TROW,20560000000.0,10.59,11.08,,2.89,1.99,7.25,9.77,-0.1133,0.018000000000000002,0.0102,-0.0264,0.056100000000000004,93.34,-0.011899999999999999,439640.0
TRP,52250000000.0,16.58,17.66,,4.69,2.99,38.33,16.71,-0.1318,0.08789999999999999,0.0003,-0.010700000000000001,0.0054,50.28,0.0155,489510.0
TRU,16329999999.999998,44.84,17.6,3.3,3.84,3.72,26.67,31.78,0.040999999999999995,0.16870000000000002,-0.0438,0.1359,0.1001,83.7,-0.0092,948704.0
TRV,61360000000.0,14.74,10.99,1.9,1.31,2.18,,6.84,-0.12789999999999999,0.30870000000000003,0.16690000000000002,0.0774,0.0808,270.8,-0.001,325609.0
TS,17740000000.0,9.93,9.48,,1.48,1.02,5.29,7.92,-0.0501,0.0015,0.2348,-0.0022,0.1766,32.55,0.0049,472612.0
TSCO,26450000000.0,24.81,21.67,3.07,1.77,11.84,114.16,43.22,0.0209,0.1054,0.1698,0.08070000000000001,0.1267,49.89,0.0045000000000000005,1703706.0
TSLA,1101240000000.0,188.28,113.11,9.62,11.5,14.77,29.44,162.42,-0.16649999999999998,0.5006,,0.1957,0.34020000000000006,342.37,0.0039000000000000003,61190725.0
TSM,996940000000.0,24.73,17.79,1.12,10.31,7.19,12.24,32.11,0.3576,0.1582,0.2675,0.2208,0.2225,192.24,-0.020099999999999996,6092318.0
TSN,19240000000.0,20.98,13.53,1.17,0.36,1.05,19.39,14.98,0.242,0.057699999999999994,-0.16010000000000002,0.1794,0.0481,55.09,-0.006999999999999999,1191578.0
TT,94760000000.0,35.35,29.34,2.7,4.67,12.68,110.12,33.92,0.15109999999999998,0.12119999999999999,0.14,0.1309,0.08929999999999999,424.9,0.0015,307484.0
TTD,36440000000.0,90.69,35.09,5.65,14.18,13.41,20.94,52.42,0.0718,0.1877,0.2815,0.1605,0.30079999999999996,74.16,-0.0023,2597104.0
TTE,128620000000.0,9.65,7.81,3.85,0.67,1.09,4.42,8.28,-0.0837,0.041100000000000005,0.09630000000000001,0.025099999999999997,0.0745,57.92,-0.0040999999999999995,781472.0
TTWO,40000000000.0,,25.01,,7.1,18.68,27.02,,0.35409999999999997,1.6469,,0.5754,0.1421,225.46,-0.0024,898859.0
TU,24360000000.0,28.37,20.01,3.92,1.67,2.25,34.57,17.84,0.0281,0.0693,-0.1492,0.0723,0.061500000000000006,16.09,0.0060999999999999995,794766.0
TW,34480000000.0,59.91,38.04,4.41,18.88,5.24,26.37,39.01,0.17190000000000003,0.1204,0.3423,0.1359,0.1753,145.84,0.0121,323928.0
TWLO,17400000000.0,,21.53,,3.8,2.18,7.11,26.43,0.24420000000000003,0.15960000000000002,0.22510000000000002,0.1936,0.3343,114.0,-0.016200000000000003,766772.0
TXN,160050000000.0,33.38,26.42,2.28,9.97,9.76,31.98,110.0,0.06280000000000001,0.2064,-0.0016,0.1467,0.026699999999999998,176.18,-0.022400000000000003,3879251.0
TXRH,12590000000.0,29.26,24.98,3.07,2.29,9.13,56.95,31.97,0.0366,0.1326,0.2134,0.09519999999999999,0.1575,189.78,0.005600000000000001,248517.0
TXT,13180000000.0,16.52,10.58,1.43,0.95,1.81,10.58,24.26,0.11800000000000001,0.126,0.0433,0.1153,0.0043,72.98,-0.0068000000000000005,281487.0
UAL,24340000000.0,6.79,6.04,0.66,0.42,1.93,1.57,5.04,-0.018799999999999997,0.1844,-0.0398,0.10279999999999999,0.20829999999999999,74.52,-0.0195,2445546.0
UBER,184290000000.0,15.37,24.99,,4.06,8.39,25.32,23.67,-0.3642,0.2162,,-0.0034999999999999996,0.31989999999999996,88.13,0.0014000000000000002,10249070.0
UBS,97620000000.0,21.17,10.86,0.6,1.16,1.16,,233.11,0.3385,0.4407,0.062400000000000004,0.3531,0.2702,31.83,-0.0092,1157505.0
UDR,13060000000.0,110.3,64.85,2.69,7.77,3.97,391.97,20.74,1.2608,0.0341,-0.165,0.4097,0.0785,39.42,-0.0169,1147963.0
UL,159070000000.0,25.69,17.82,3.74,2.42,7.61,20.58,19.89,0.0867,0.0572,0.0070999999999999995,0.0687,0.025,63.66,0.0055000000000000005,805355.0
UMC,19700000000.0,14.41,12.88,2.76,2.72,1.67,5.6,28.53,-0.0933,0.15839999999999999,0.3472,0.0521,0.105,7.84,-0.0279,5533352.0
UNH,266019999999.99997,12.26,11.18,5.02,0.65,2.81,,10.7,-0.1789,0.15439999999999998,0.016,0.024399999999999998,0.1061,293.25,-0.0115,11562529.0
UNM,13920000000.0,9.42,8.14,1.1,1.09,1.25,,,0.0579,0.0983,0.1253,0.0857,0.0165,79.84,0.0026,311427.0
UNP,132900000000.0,20.04,17.38,2.46,5.48,8.31,92.68,22.63,0.038,0.1119,0.0575,0.0816,0.0264,222.43,-0.002,1070656.0
UPS,80990000000.0,13.95,12.06,3.79,0.89,5.17,15.99,15.07,-0.0877,0.1261,0.0576,0.0368,0.0463,95.64,-0.0137,1440439.0
USB,66940000000.0,10.64,8.97,0.92,1.59,1.26,,8.04,0.1424,0.1058,-0.018600000000000002,0.11599999999999999,0.1209,42.97,-0.0036,2587381.0
USFD,17640000000.0,35.03,16.77,1.88,0.46,3.82,174.63,16.21,0.2101,0.193,0.0296,0.1859,0.087,76.24,0.0046,768306.0
V,687930000000.0,36.08,27.86,2.86,18.29,18.55,39.06,33.54,0.12689999999999999,0.1243,0.1334,0.1263,0.0969,354.76,-0.009000000000000001,2402325.0
VALE,40960000000.0,7.07,5.48,0.88,1.08,1.16,10.22,37.21,0.2115,0.0044,,0.0803,0.019,9.6,0.0016,19233194.0
VEEV,37970000000.0,53.82,28.87,4.64,13.82,6.5,7.37,35.5,0.1066,0.1052,0.1784,0.1159,0.2027,233.02,-0.010700000000000001,385425.0
VG,27670000000.0,,11.77,,,5.67,7.54,,1.0735,-0.1777,,0.0246,-0.048600000000000004,11.44,0.0414,3497412.0
VICI,33150000000.0,12.52,11.04,2.84,8.54,1.25,99.17,13.68,0.038900000000000004,0.0684,0.1551,0.044000000000000004,0.3557,31.38,0.005600000000000001,2143937.0
VIK,19440000000.0,35.66,14.4,1.38,3.53,,7.03,20.16,0.30269999999999997,0.2588,,0.25920000000000004,1.5654,43.92,0.0174,1275127.0
VLO,40290000000.0,45.36,12.87,3.01,0.31,1.72,8.65,8.34,-0.2125,0.4971,0.0796,0.1507,0.1244,128.65,-0.0005,1032869.0
VLTO,24950000000.0,28.79,25.2,3.95,4.73,10.84,20.14,29.02,0.038900000000000004,0.0863,0.032,0.0729,0.045599999999999995,100.68,-0.003,328367.0
VMC,35580000000.0,38.19,26.8,2.61,4.74,4.37,184.47,40.95,0.1393,0.1714,0.0815,0.1464,0.0926,269.37,-0.0085,325813.0
VOD,25860000000.0,,9.16,,0.64,0.38,1.3,2.59,0.115,0.1514,-0.35,0.09230000000000001,-0.0438,10.43,-0.0104,20082782.0
VRT,39910000000.0,60.71,24.11,2.64,4.75,14.96,27.04,30.29,0.2491,0.22010000000000002,,0.2302,0.1284,104.72,0.005,2450605.0
VRTX,111680000000.0,,20.9,,10.11,6.77,17.98,,41.8331,0.1567,,,0.22390000000000002,434.92,0.002,579604.0
VST,53890000000.0,24.91,19.13,2.91,2.48,22.99,91.34,50.51,-0.0999,0.32170000000000004,0.3039,0.08560000000000001,0.1246,158.82,0.0265,4208287.0
VTR,86720000000.0,193.59,83.38,2.8,17.06,2.52,352.57,78.72,1.7719,0.45890000000000003,-0.3013,0.6918000000000001,0.0513,64.06,0.0064,603272.0
VZ,182880000000.0,10.3,8.99,3.4,1.35,1.82,70.02,8.81,0.0203,0.030600000000000002,-0.0229,0.030299999999999997,0.004699999999999999,43.38,0.005699999999999999,5984509.0
WAB,34220000000.0,31.35,20.55,2.48,3.26,3.3,49.03,23.26,0.1537,0.1158,0.2688,0.1266,0.0513,199.98,-0.001,192098.0
WBD,22250000000.0,,,,0.58,0.66,5.55,5.13,0.9217,0.5720000000000001,,0.6934999999999999,0.40979999999999994,8.99,-0.0028000000000000004,14690188.0
WCN,50730000000.0,80.82,33.18,6.95,5.59,6.33,456.07,43.82,0.086,0.1375,0.0213,0.11630000000000001,0.1074,196.32,0.0073,364937.0
WDAY,64390000000.0,132.97,23.65,7.77,7.42,7.09,8.08,27.73,0.1985,0.16260000000000002,,0.1711,0.1838,240.6,-0.1157,7079015.0
WDC,17500000000.0,9.54,9.17,,1.21,3.38,3.58,17.01,34.3833,0.0839,-0.0024,,-0.031400000000000004,50.17,0.0066,2066299.0
WDS,26440000000.0,7.47,19.84,,1.89,0.75,6.74,39.37,-0.3563,-0.2749,0.3875,-0.1534,0.3835,13.95,0.0128,214993.0
WEC,33970000000.0,20.78,19.02,2.96,3.75,2.62,311.39,83.68,0.0733,0.06849999999999999,0.061500000000000006,0.0702,0.0317,106.45,0.0091,736889.0
WELL,97480000000.0,160.71,64.18,7.73,11.4,2.86,27.0,65.77,0.1875,0.2459,-0.0723,0.20800000000000002,0.1005,149.07,0.0148,1104808.0
WES,14870000000.0,11.66,10.8,,4.09,4.66,33.17,9.86,-0.1598,0.0693,0.20329999999999998,-0.009300000000000001,0.061500000000000006,39.01,0.008100000000000001,486085.0
WFC,237770000000.0,13.13,11.01,1.04,1.91,1.47,,9.37,0.08460000000000001,0.139,0.057699999999999994,0.1261,0.061900000000000004,73.07,-0.0044,4142585.0
WIT,29980000000.0,22.07,18.26,5.92,2.85,3.2,4.8,14.56,0.0046,0.0647,0.0481,0.0373,0.047400000000000005,2.87,0.0053,2069297.0
WM,95260000000.0,35.71,27.54,3.62,4.16,11.01,366.4,51.86,0.0571,0.1247,0.1175,0.09849999999999999,0.0757,236.74,0.0146,684734.0
WMB,71790000000.0,31.54,24.3,2.55,6.51,5.77,717.89,35.42,0.125,0.1201,0.21100000000000002,0.12359999999999999,0.0684,58.79,0.0181,2949029.0
WMG,13720000000.0,30.58,19.02,7.25,2.17,24.15,21.53,18.05,-0.0767,0.0951,0.10550000000000001,0.042199999999999994,0.07719999999999999,26.32,0.009399999999999999,515557.0
WMT,769050000000.0,41.19,32.87,4.58,1.12,8.47,82.6,56.92,0.0369,0.12359999999999999,0.0682,0.08990000000000001,0.053899999999999997,96.12,0.002,7082021.0
WPC,13330000000.0,31.4,22.63,2.82,8.32,1.59,70.99,14.37,0.1438,0.0617,0.032400000000000005,0.11130000000000001,0.0558,60.89,0.0111,541909.0
WPM,39460000000.0,63.83,38.54,3.34,27.06,5.29,36.35,43.82,0.5514,0.0315,0.433,0.1911,0.0947,86.97,0.0285,809844.0
WRB,27720000000.0,16.94,15.28,2.08,1.99,3.11,,7.95,0.0398,0.1108,0.22699999999999998,0.0814,0.1168,73.06,0.0121,514210.0
WSM,19510000000.0,17.97,17.57,5.46,2.51,9.03,18.63,19.28,-0.031400000000000004,0.061,0.3136,0.0329,0.061200000000000004,158.69,-0.0106,995787.0
WTRG,10850000000.0,17.36,17.37,2.63,4.81,1.66,522.08,,0.0649,0.0621,0.15839999999999999,0.066,0.2119,38.7,0.0036,402474.0
WY,18240000000.0,50.17,27.21,1.69,2.57,1.89,32.51,67.8,0.1634,0.4991,,0.2963,0.0368,25.15,-0.0040999999999999995,1118252.0
X,10570000000.0,158.52,15.01,7.63,0.7,0.94,17.54,,-0.12210000000000001,0.6562,,0.2077,0.121,46.7,0.0886,9694615.0
XEL,40020000000.0,20.46,16.79,2.41,2.91,2.02,32.38,,0.08990000000000001,0.0833,0.054400000000000004,0.0848,0.036000000000000004,69.39,0.0026,1292997.0
XOM,443940000000.0,13.63,13.19,1.81,1.31,1.69,23.98,15.75,-0.1646,0.1999,0.18469999999999998,0.0753,0.11,103.01,0.0004,5457011.0
XPEV,15540000000.0,,101.82,,2.24,4.49,2.94,,0.767,1.9931999999999999,-0.0137,,0.9973000000000001,20.02,-0.0236,5988205.0
XPO,13870000000.0,36.22,25.02,2.85,1.73,8.47,65.42,119.55,-0.0365,0.2748,-0.0204,0.1272,-0.1128,117.72,-0.0089,442285.0
XYL,30240000000.0,33.43,24.06,3.21,3.52,2.8,28.56,34.02,0.084,0.1157,0.10550000000000001,0.1042,0.1103,124.27,-0.008,378494.0
XYZ,36110000000.0,14.28,13.89,0.93,1.51,1.69,4.44,30.16,-0.1514,0.47759999999999997,0.41450000000000004,0.15380000000000002,0.4436,58.71,0.0062,4784180.0
YMM,10420000000.0,22.32,13.46,0.63,6.45,2.2,3.73,,0.6496999999999999,0.2245,,0.35619999999999996,0.3726,11.1,-0.0037,4779538.0
YPF,14350000000.0,8.47,7.99,12.45,0.73,1.21,11.66,,-0.4083,0.2883,,0.0068000000000000005,0.1106,36.48,0.01,439116.0
YUM,40520000000.0,29.06,21.69,2.53,5.24,,54.17,27.92,0.121,0.1121,0.0475,0.1149,0.063,145.77,0.0018,351464.0
YUMC,15990000000.0,17.94,14.84,1.59,1.41,2.78,8.02,20.58,0.0876,0.13369999999999999,0.0431,0.113,0.0564,42.82,0.0070999999999999995,1671624.0
Z,15920000000.0,,29.13,,6.91,3.36,9.91,51.02,0.2066,0.3628,0.2021,0.32549999999999996,-0.0165,66.1,0.0165,1029291.0
ZBH,18260000000.0,20.45,11.1,4.95,2.37,1.47,13.19,14.69,-0.0028000000000000004,0.042699999999999995,-0.041299999999999996,0.041299999999999996,-0.0055000000000000005,92.29,0.0068000000000000005,750800.0
ZM,24630000000.0,24.27,14.24,9.19,5.24,2.76,3.16,14.47,0.01,0.013300000000000001,1.0645,0.0264,0.7874,80.72,-0.016399999999999998,1687960.0
ZS,39460000000.0,,71.67,,16.29,24.55,13.7,56.79,-0.0363,0.1575,-0.1072,0.1038,0.4857,255.01,0.0087,1201225.0
ZTO,10100000000.0,10.84,9.24,0.95,1.61,1.59,3.18,,0.1017,0.1251,0.08449999999999999,0.114,0.1425,17.01,0.0062,1143627.0
ZTS,72090000000.0,29.08,23.66,3.46,7.76,15.52,41.89,31.6,0.05,0.1011,0.1191,0.084,0.08220000000000001,161.92,-0.0003,1250148.0
