Ticker,Market Cap,Dividend,ROA,ROE,ROI,Curr R,Quick R,LTDebt/Eq,Debt/Eq,Gross M,Oper M,Profit M,Earnings,Price,Change,Volume
A,30840000000.0,0.0091,0.1101,0.2061,0.1343,2.2,1.66,0.56,0.56,0.5434,0.2434,0.19269999999999998,May 28/a,108.17,-0.0138,659614.0
AAPL,2930860000000.0,0.0053,0.29100000000000004,1.3802,0.6693000000000001,0.82,0.78,1.18,1.47,0.46630000000000005,0.3181,0.243,May 01/a,196.23,-0.0255,49093896.0
ABBV,324560000000.0,0.0354,0.0292,0.8815000000000001,0.063,0.76,0.64,45.44,49.22,0.708,0.3074,0.0724,Apr 25/b,183.74,0.0066,1920631.0
ABEV,39270000000.0,0.0635,0.09630000000000001,0.1509,0.1512,1.11,0.8,0.02,0.03,0.479,0.2206,0.1564,May 08/b,2.51,0.0,16510640.0
ABNB,79420000000.0,,0.1024,0.3206,0.311,1.27,1.27,0.03,0.29,0.7147,0.2217,0.226,May 01/a,126.78,-0.0068000000000000005,2350973.0
ABT,228310000000.0,0.0181,0.1745,0.3066,0.2182,1.78,1.27,0.26,0.27,0.5142,0.1696,0.3172,Apr 16/b,131.22,-0.0021,2603285.0
ACGL,34540000000.0,0.0353,0.065,0.18420000000000003,0.1535,0.52,,0.13,0.13,,0.2028,0.2112,Apr 29/a,92.16,0.0021,358369.0
ACI,12730000000.0,0.0271,0.033,0.3126,0.057,0.9,0.22,3.96,4.19,0.2565,0.025,0.011899999999999999,Apr 15/b,22.11,0.0126,1038812.0
ACM,14230000000.0,0.0058,0.0542,0.2807,0.11779999999999999,1.15,1.15,1.29,1.38,0.0709,0.061,0.0385,May 05/a,107.58,0.002,160428.0
ACN,194650000000.0,0.0184,0.1382,0.2726,0.21050000000000002,1.48,1.48,0.25,0.28,0.3221,0.15439999999999998,0.1143,Mar 20/b,310.94,-0.0174,1511583.0
ADBE,174460000000.0,,0.23,0.4728,0.3447,1.18,1.18,0.5,0.5,0.8839,0.3664,0.3063,Jun 12/a,409.34,-0.012,989684.0
ADI,104200000000.0,0.018600000000000002,0.0381,0.0521,0.044000000000000004,2.08,1.51,0.19,0.21,0.511,0.2348,0.1865,May 22/b,210.1,-0.0086,2342859.0
ADM,22960000000.0,0.043899999999999995,0.0252,0.0603,0.0444,1.38,0.81,0.39,0.56,0.0625,0.0197,0.0163,May 06/b,47.79,-0.0034000000000000002,676627.0
ADP,130289999999.99998,0.0183,0.0663,0.7629,0.4384,1.02,1.02,0.56,0.75,0.503,0.2625,0.1979,Apr 30/b,320.97,-0.0021,393742.0
ADSK,62780000000.0,,0.09910000000000001,0.4236,0.2107,0.65,0.68,0.84,0.97,0.897,0.225,0.1598,May 22/a,293.45,-0.0052,1825988.0
AEE,26590000000.0,0.029500000000000002,0.0278,0.1023,0.039599999999999996,0.86,0.62,1.5,1.61,0.2696,0.1993,0.1531,May 02/b,96.1,0.0073,424196.0
AEG,11040000000.0,0.0643,0.0022,0.09359999999999999,0.051,4.14,,0.93,0.94,,0.0308,0.0304,Feb 20/b,6.97,0.0,10634210.0
AEM,59660000000.0,0.0124,0.0796,0.11449999999999999,0.10369999999999999,2.37,1.2,0.05,0.06,0.4561,0.42200000000000004,0.2648,Apr 24/a,118.02,0.029900000000000003,2086475.0
AEP,54770000000.0,0.036699999999999997,0.0273,0.1041,0.0415,0.42,0.31,1.44,1.72,0.3157,0.2371,0.1351,May 06/b,102.52,0.0070999999999999995,655143.0
AER,19890000000.0,0.0091,0.0298,0.1252,0.0337,0.57,0.55,2.69,2.69,0.5675,0.5052,0.276,Apr 30/b,112.67,0.0052,384743.0
AFL,55580000000.0,0.0222,0.0294,0.1441,0.1069,1.83,,0.28,0.29,,0.2718,0.21280000000000002,Apr 30/a,102.8,0.0034000000000000002,628177.0
AFRM,16000000000.0,,-0.0063,-0.0226,-0.0062,13.21,13.21,2.5,2.5,0.8608,0.1414,-0.0207,May 08/a,49.6,0.0129,4306843.0
AGI,11070000000.0,0.0038,0.054900000000000004,0.0785,0.0666,1.49,0.94,0.07,0.08,0.4244,0.36090000000000005,0.18359999999999999,Apr 30/a,26.33,0.025099999999999997,1418784.0
AIG,47190000000.0,0.0216,0.0087,0.0613,0.0564,0.95,,0.21,0.21,,0.1598,0.1038,May 01/a,81.89,-0.0016,1140775.0
AJG,86700000000.0,0.0076,0.0231,0.09269999999999999,0.044500000000000005,,,0.57,0.6,0.9194,0.2076,0.1305,May 01/a,338.54,0.0091,271733.0
AKAM,11160000000.0,,0.0455,0.09820000000000001,0.0581,1.15,1.15,0.7,1.01,0.5497,0.1552,0.11259999999999999,May 08/a,76.34,-0.0096,1086892.0
ALAB,15640000000.0,,0.0417,0.0447,0.0397,13.92,13.26,0.0,0.0,0.7576,-0.044500000000000005,0.08439999999999999,May 06/a,94.82,0.0055000000000000005,1953891.0
ALC,42730000000.0,0.004,0.037000000000000005,0.052300000000000006,0.0414,2.7,1.66,0.23,0.24,0.5555,0.1539,0.1128,May 14/b,86.4,0.003,775843.0
ALGN,12360000000.0,,0.0668,0.1084,0.10550000000000001,1.21,1.08,0.02,0.03,0.7040000000000001,0.16399999999999998,0.10289999999999999,Apr 30/a,170.52,-0.0121,192351.0
ALL,53900000000.0,0.0194,0.0401,0.19879999999999998,0.13269999999999998,0.45,,0.34,0.37,,0.084,0.0601,Apr 30/a,203.52,0.0049,312454.0
ALLE,12140000000.0,0.0139,0.1405,0.4205,0.1684,2.17,1.51,1.3,1.34,0.4449,0.2107,0.1628,Apr 24/b,141.12,-0.0036,202716.0
ALLY,10340000000.0,0.0356,0.0028000000000000004,0.0384,0.0161,1.58,,0.85,1.4,,0.0462,0.027000000000000003,Apr 17/b,33.67,-0.0078000000000000005,1005065.0
AMAT,128210000000.00002,0.0108,0.2061,0.36369999999999997,0.273,2.46,1.76,0.31,0.35,0.4814,0.2967,0.2407,May 15/a,157.81,-0.0169,3047975.0
AMCR,20610000000.0,0.0571,0.04650000000000001,0.2071,0.0622,1.7,1.16,2.36,2.4,0.2,0.0998,0.059800000000000006,Apr 30/a,8.94,-0.01,10261829.0
AMD,179040000000.0,,0.0319,0.039,0.0361,2.8,1.97,0.07,0.08,0.4515,0.1033,0.0803,May 06/a,110.43,-0.0026,19418339.0
AME,41110000000.0,0.0068000000000000005,0.0953,0.1496,0.122,1.41,0.86,0.16,0.22,0.3618,0.262,0.2043,May 01/b,178.07,-0.0026,263069.0
AMGN,145970000000.0,0.0355,0.06509999999999999,1.0567,0.09849999999999999,1.17,0.88,8.7,9.24,0.6743000000000001,0.2626,0.17489999999999997,May 01/a,271.47,-0.0016,1281409.0
AMH,13880000000.0,0.0313,0.0316,0.0581,0.0329,,,0.69,0.69,0.2981,0.233,0.2232,May 01/a,37.49,-0.0037,518248.0
AMT,98980000000.0,0.0323,0.0471,0.8005,0.040999999999999995,,,11.59,12.56,0.5428000000000001,0.4592,0.1734,Apr 29/b,211.44,0.005600000000000001,664576.0
AMX,53900000000.0,0.0405,0.0177,0.08539999999999999,0.0331,0.71,0.66,1.72,2.14,0.43119999999999997,0.21420000000000003,0.0355,Apr 29/b,17.61,0.008,549930.0
AMZN,2144290000000.0,,0.11230000000000001,0.25239999999999996,0.1502,1.05,0.84,0.44,0.49,0.4916,0.1115,0.1014,May 01/a,201.98,-0.0055000000000000005,19584301.0
ANET,114730000000.0,,0.2416,0.3368,0.2993,3.93,3.31,0.0,0.0,0.6409,0.4227,0.4072,May 06/a,91.35,-0.0131,3929552.0
AON,76790000000.0,0.008100000000000001,0.055999999999999994,0.7417,0.1063,,,2.42,2.64,0.8925,0.257,0.1559,Apr 25/b,355.62,0.0008,375770.0
APD,60090000000.0,0.0269,0.0414,0.1045,0.052300000000000006,1.0,0.85,1.01,1.12,0.3201,0.2351,0.12869999999999998,May 01/b,270.01,0.0029,223260.0
APG,12860000000.0,,0.031400000000000004,0.0909,0.023799999999999998,1.47,1.38,0.99,1.02,0.2805,0.067,0.019799999999999998,May 01/b,45.79,0.0015,525825.0
APH,103650000000.0,0.0078000000000000005,0.1319,0.2753,0.1527,1.99,1.36,0.66,0.7,0.3394,0.2186,0.1558,Apr 23/b,85.69,0.005,2190238.0
APO,75210000000.0,0.0154,0.0095,0.21170000000000003,0.1201,,,0.56,0.59,0.5618,0.2556,0.1348,May 02/b,131.6,0.0060999999999999995,1054919.0
APP,119980000000.0,,0.35,2.8744,0.46990000000000004,1.68,1.68,6.1,6.45,0.7626999999999999,0.4717,0.3738,May 07/a,354.57,0.0088,3398404.0
APTV,14460000000.0,,0.0667,0.1552,0.0915,1.61,1.11,0.9,0.94,0.19260000000000002,0.11710000000000001,0.0793,May 01/b,66.39,-0.0087,539333.0
AR,12230000000.0,,0.0172,0.0321,0.0218,0.39,0.39,0.46,0.53,0.1235,0.0725,0.049400000000000006,Apr 30/a,39.39,0.0087,1041158.0
ARCC,14850000000.0,0.0891,,,,,,,,,,,Apr 29/b,21.54,0.0008,1276068.0
ARE,11740000000.0,0.0786,0.0034999999999999996,0.0073,0.0043,,,0.74,0.78,0.2999,0.1834,0.042199999999999994,Apr 28/a,67.85,-0.0111,585051.0
ARES,52600000000.0,0.027999999999999997,0.015600000000000001,0.1297,0.02,,,2.99,3.0,0.8245999999999999,0.2825,0.0766,May 05/b,161.07,0.0074,545572.0
ARM,134389999999.99998,,0.094,0.1305,0.1107,5.2,4.96,0.05,0.05,0.9470000000000001,0.20739999999999997,0.1977,May 07/a,127.14,-0.0166,1805633.0
ARMK,10280000000.0,0.010700000000000001,0.026699999999999998,0.1177,0.0371,1.21,1.08,2.11,2.27,0.057999999999999996,0.043899999999999995,0.0197,May 06/b,39.21,0.0085,538586.0
AS,20640000000.0,,0.0242,0.0438,0.0311,1.66,0.8,0.24,0.29,0.5622,0.1074,0.037000000000000005,May 20/b,37.27,-0.0059,1706706.0
ASML,288140000000.0,0.0111,0.20440000000000003,0.5521,0.4078,1.52,0.91,0.21,0.21,0.52,0.33740000000000003,0.2832,Apr 16/b,732.66,-0.0109,841075.0
ASX,21090000000.0,0.039900000000000005,0.0475,0.11470000000000001,0.0755,1.04,0.82,0.5,0.7,0.1563,0.0691,0.056299999999999996,Apr 30/b,9.7,-0.0177,10101248.0
ATI,10720000000.0,,0.08,0.25420000000000004,0.1112,2.53,1.3,0.91,1.01,0.20800000000000002,0.1307,0.08929999999999999,May 01/b,76.01,0.011399999999999999,760019.0
ATO,24940000000.0,0.022400000000000003,0.0446,0.09179999999999999,0.0526,1.33,1.25,0.65,0.65,0.42469999999999997,0.33299999999999996,0.25329999999999997,May 07/a,157.04,0.011200000000000002,404823.0
AU,22250000000.0,0.054299999999999994,0.0941,0.1942,0.1137,2.34,1.57,0.3,0.33,0.31379999999999997,0.26890000000000003,0.17329999999999998,May 27/b,44.19,0.030699999999999998,1407929.0
AUR,10670000000.0,,-0.3803,-0.4343,-0.4199,9.54,9.54,0.06,0.06,,,,May 08/a,6.03,0.0,7635000.0
AVGO,1080630000000.0001,0.0103,0.060599999999999994,0.1485,0.0771,1.0,0.91,0.87,0.95,0.5959,0.3482,0.18469999999999998,Jun 05/a,229.82,-0.0031,7694176.0
AWK,27880000000.0,0.022799999999999997,0.0333,0.1043,0.044800000000000006,0.49,0.44,1.27,1.38,0.4339,0.3661,0.2224,Apr 30/a,142.95,0.0077,265764.0
AXP,200470000000.0,0.0115,0.037000000000000005,0.34020000000000006,0.12300000000000001,,,1.64,1.69,0.6089,0.20120000000000002,0.1346,Apr 17/b,286.15,-0.0036,784475.0
AZN,218300000000.0,0.0229,0.0745,0.1981,0.1128,0.9,0.7,0.68,0.77,0.7258,0.20629999999999998,0.1414,Apr 29/b,70.39,0.0063,2409381.0
B,32820000000.0,0.0212,0.049400000000000006,0.09699999999999999,0.0797,2.87,2.16,0.19,0.19,0.37229999999999996,0.3579,0.175,May 07/b,19.08,0.0222,7124482.0
BA,152440000000.0,0.0002,-0.0791,,-0.2751,1.23,0.37,,,-0.0203,-0.1463,-0.1678,Apr 23/b,202.17,-0.0060999999999999995,2667965.0
BABA,288940000000.0,0.0088,0.073,0.1304,0.10710000000000001,1.55,1.48,0.21,0.23,0.3932,0.1469,0.1303,May 15/b,120.68,-0.0066,5065347.0
BAC,326170000000.0,0.025,0.0084,0.0946,0.0446,0.96,,1.0,2.47,,0.1534,0.1328,Apr 15/b,43.31,-0.0001,19396182.0
BAH,13730000000.0,0.0207,0.1301,0.7534000000000001,0.18469999999999998,1.57,1.57,2.87,2.97,0.2227,0.11630000000000001,0.07339999999999999,May 23/b,108.43,-0.1603,5988904.0
BALL,14390000000.0,0.0155,0.0278,0.0823,0.0475,1.04,0.7,1.16,1.28,0.1548,0.10099999999999999,0.046900000000000004,May 06/b,51.88,-0.0269,1266756.0
BAM,91870000000.0,0.030299999999999997,0.11230000000000001,0.1909,0.11689999999999999,,,0.03,0.18,0.7442,0.41009999999999996,0.7188,May 06/b,56.97,-0.004699999999999999,699153.0
BAX,15450000000.0,0.0321,-0.0278,-0.08960000000000001,-0.0335,2.02,1.4,1.36,1.46,0.3601,0.0733,-0.0471,May 01/b,30.1,-0.0055000000000000005,820753.0
BBD,14830000000.0,0.0787,0.0089,0.1061,0.045599999999999995,0.45,,1.46,3.94,,0.07440000000000001,0.0604,May 09/b,2.8,0.0127,46123352.0
BBVA,87030000000.0,0.0603,0.0131,0.19219999999999998,0.06559999999999999,0.26,,1.85,2.52,,0.2782,0.12369999999999999,Apr 29/b,15.13,-0.0174,1067713.0
BBY,14920000000.0,0.054900000000000004,0.0623,0.31629999999999997,0.1487,1.03,0.39,1.22,1.44,0.2255,0.0418,0.0223,May 29/b,70.5,-0.0037,1868097.0
BCE,19790000000.0,0.08349999999999999,0.0073,0.028300000000000002,0.0070999999999999995,0.58,0.54,1.95,2.26,0.3066,0.22760000000000002,0.014499999999999999,May 08/b,21.47,-0.0002,759922.0
BCS,63300000000.0,0.0276,0.0034999999999999996,0.09359999999999999,0.0273,5.67,,2.31,2.86,,0.3151,0.20440000000000003,Apr 30/b,17.74,0.005600000000000001,11895330.0
BDX,49000000000.0,0.0227,0.027999999999999997,0.059699999999999996,0.0354,1.13,0.64,0.7,0.76,0.4464,0.1307,0.0728,May 01/b,170.96,-0.0078000000000000005,819410.0
BEKE,21080000000.0,0.018600000000000002,0.0361,0.0653,0.0582,1.33,1.33,0.12,0.32,0.23550000000000001,0.0447,0.0447,May 15/b,18.4,0.0040999999999999995,1975572.0
BEN,11330000000.0,0.0592,0.011000000000000001,0.028399999999999998,0.013999999999999999,,,1.07,1.07,0.7111,0.12710000000000002,0.0412,May 02/b,21.55,-0.0026,1438087.0
BF-B,16040000000.0,0.026099999999999998,0.1213,0.2799,0.15990000000000001,3.49,1.49,0.62,0.75,0.5915,0.2748,0.2455,Jun 05/b,33.99,-0.0070999999999999995,489355.0
BG,10480000000.0,0.0354,0.0417,0.1036,0.06860000000000001,2.04,1.09,0.51,0.72,0.0602,0.0268,0.0213,May 07/b,77.98,0.0023,379559.0
BHP,126310000000.0,0.0431,0.11320000000000001,0.2613,0.1741,1.7,1.25,0.43,0.44,0.38549999999999995,0.38549999999999995,0.21230000000000002,Feb 17/a,49.78,0.0128,1083997.0
BIDU,23490000000.0,,0.0587,0.09849999999999999,0.073,2.29,2.29,0.3,0.38,0.49060000000000004,0.1514,0.18969999999999998,May 21/b,83.92,-0.0018,2244068.0
BIIB,18370000000.0,,0.0542,0.0919,0.0677,1.44,1.01,0.29,0.39,0.6654000000000001,0.2262,0.1573,May 01/b,125.39,-0.0072,366740.0
BIRK,10020000000.0,,0.0507,0.0935,0.0608,3.06,1.34,0.47,0.5,0.5484,0.2569,0.12869999999999998,May 15/b,53.36,-0.030699999999999998,1967145.0
BJ,15330000000.0,,0.08199999999999999,0.3276,0.1318,0.77,0.14,1.21,1.37,0.1857,0.041100000000000005,0.0276,May 22/b,116.07,0.0009,530298.0
BK,63890000000.0,0.0219,0.0108,0.11289999999999999,0.0613,1.91,,0.72,1.64,,0.1448,0.11349999999999999,Apr 11/b,89.3,0.0013,1421941.0
BKR,36350000000.0,0.025,0.07780000000000001,0.1804,0.1272,1.34,0.93,0.35,0.35,0.2169,0.12480000000000001,0.1051,Apr 22/a,36.69,0.0026,1743891.0
BLDR,11940000000.0,,0.0809,0.1962,0.0977,1.82,1.07,1.14,1.17,0.3215,0.087,0.056600000000000004,May 01/b,108.02,-0.0166,749637.0
BMRN,11030000000.0,,0.0747,0.0964,0.08199999999999999,5.52,3.49,0.1,0.11,0.7825,0.2144,0.1793,May 01/a,57.51,-0.0087,519476.0
BMY,95590000000.0,0.053,0.056600000000000004,0.31989999999999996,0.08349999999999999,1.28,1.17,2.73,2.95,0.5916,0.2293,0.11380000000000001,Apr 24/b,46.97,-0.0012,4029888.0
BN,94680000000.0,0.0063,0.0012,0.013600000000000001,0.0017000000000000001,,,4.66,5.51,0.2447,0.198,0.0054,May 08/b,57.47,0.0052,635110.0
BNS,65099999999.99999,0.0587,0.0048,0.0834,0.053,0.61,,0.46,2.77,,0.10279999999999999,0.0836,May 27/b,52.27,0.0126,743211.0
BNTX,23450000000.0,,-0.0346,-0.0387,-0.0393,10.18,10.02,0.01,0.02,0.7948000000000001,-0.2398,-0.27390000000000003,May 05/b,97.54,-0.0154,302543.0
BP,458460000000.0,0.068,-0.0043,-0.0187,-0.0098,1.22,0.92,1.09,1.22,0.1499,0.0676,-0.0064,Apr 29/b,29.04,0.0034999999999999996,5261902.0
BRK-B,1086920000000.0001,,0.0724,0.132,0.1039,6.35,6.02,0.19,0.21,0.23579999999999998,0.15289999999999998,0.21789999999999998,May 05/b,503.6,0.0001,1641089.0
BRO,31790000000.0,0.0055000000000000005,0.0646,0.1618,0.0949,,,0.57,0.59,0.9527,0.308,0.20579999999999998,Apr 28/a,110.93,0.0045000000000000005,512169.0
BROS,11260000000.0,,0.018000000000000002,0.0857,0.0278,1.95,1.75,1.62,1.7,0.2622,0.08199999999999999,0.032,May 07/a,68.45,-0.0001,1170133.0
BSX,154810000000.0,,0.0529,0.0965,0.0613,1.45,0.88,0.49,0.53,0.6184000000000001,0.1656,0.1158,Apr 23/b,104.64,0.0014000000000000002,1807899.0
BSY,14400000000.0,0.0058,0.0757,0.252,0.10800000000000001,0.49,0.49,1.16,1.17,0.7881,0.23929999999999998,0.18460000000000001,May 07/b,47.48,-0.0037,338493.0
BTI,99270000000.0,0.0693,0.0252,0.0587,0.0368,0.76,0.52,0.66,0.74,0.6318,0.1441,0.11460000000000001,Feb 13/b,45.25,0.0146,2784545.0
BUD,121110000000.0,0.0178,0.027200000000000002,0.0731,0.0393,0.7,0.54,0.9,0.92,0.5525,0.2457,0.098,May 08/b,69.07,0.0105,1032642.0
BURL,14930000000.0,,0.0611,0.4255,0.0817,1.16,0.61,3.5,3.92,0.4008,0.06849999999999999,0.047400000000000005,May 29/b,237.04,-0.0851,1020449.0
BWXT,10760000000.0,0.0069,0.0989,0.2824,0.1264,2.02,1.91,1.08,1.09,0.24109999999999998,0.1164,0.1039,May 05/a,117.72,0.09390000000000001,1146106.0
BX,166020000000.0,0.030699999999999998,0.0599,0.3407,0.1217,,,1.62,1.68,0.9948999999999999,0.5155,0.2014,Apr 17/b,136.85,-0.0006,1235745.0
BXP,11270000000.0,0.0605,-0.0002,-0.001,-0.0003,,,2.73,3.02,0.3457,0.2979,-0.0016,Apr 29/a,64.77,0.0022,519946.0
C,136800000000.00002,0.0316,0.0053,0.063,0.023799999999999998,0.95,,1.41,3.54,,0.1093,0.0721,Apr 15/b,73.25,-0.0024,4086705.0
CAG,10650000000.0,0.06269999999999999,0.0154,0.036699999999999997,0.0219,0.69,0.23,0.71,0.93,0.2643,0.135,0.027999999999999997,Apr 03/b,22.32,0.0003,3524025.0
CAH,36450000000.0,0.013500000000000002,0.0325,,0.3718,0.94,0.5,,,0.034,0.010700000000000001,0.006999999999999999,May 01/b,152.7,0.0014000000000000002,691964.0
CARR,60980000000.0,0.0129,0.08449999999999999,0.2569,0.1607,1.2,0.83,0.83,0.84,0.27690000000000003,0.1226,0.177,May 01/b,71.13,-0.0089,2173247.0
CART,12310000000.0,,0.1032,0.12960000000000002,0.1263,3.24,3.24,0.0,0.01,0.7467,0.1459,0.1233,May 01/a,47.2,0.0036,1558456.0
CAT,161850000000.0,0.0169,0.11779999999999999,0.5567,0.22649999999999998,1.32,0.77,1.43,2.14,0.35619999999999996,0.1981,0.15710000000000002,Apr 30/b,344.14,-0.0031,905826.0
CB,114840000000.0,0.0132,0.0385,0.134,0.10339999999999999,0.44,,0.25,0.29,,0.18280000000000002,0.1499,Apr 22/a,286.57,-0.0018,257072.0
CBOE,24210000000.0,0.0113,0.09539999999999998,0.1893,0.133,,,0.35,0.36,0.46380000000000005,0.2889,0.18510000000000001,May 02/b,231.19,0.0121,298236.0
CBRE,36310000000.0,,0.0407,0.1215,0.0741,,,0.64,1.09,0.17550000000000002,0.0369,0.0274,Apr 24/b,121.79,0.0113,1007188.0
CCEP,41190000000.0,0.0265,0.0475,0.1743,0.08039999999999999,0.81,0.62,1.17,1.33,0.344,0.1168,0.0694,Feb 14/b,89.4,0.0091,589366.0
CCI,43550000000.0,0.048499999999999995,-0.136,-1.9853999999999998,-0.1444,,,,,0.4808,0.3749,-0.6426000000000001,Apr 30/a,100.0,0.0008,829056.0
CCJ,25210000000.0,0.0025,0.0262,0.0393,0.034,2.71,1.26,0.15,0.15,0.2511,0.16190000000000002,0.075,May 01/b,57.9,0.0964,8755174.0
CCK,11330000000.0,0.0089,0.038599999999999995,0.213,0.0724,0.87,0.56,1.82,2.47,0.1832,0.1332,0.0461,Apr 28/a,97.34,-0.0075,373981.0
CCL,28820000000.0,,0.0418,0.2587,0.0572,0.23,0.18,2.91,3.09,0.2803,0.15109999999999998,0.08070000000000001,Mar 21/b,22.23,-0.0089,9046404.0
CDNS,86390000000.0,,0.14679999999999999,0.25920000000000004,0.1491,3.07,2.9,0.52,0.52,0.8515999999999999,0.306,0.22190000000000001,Apr 28/a,316.39,-0.0008,434810.0
CDW,23980000000.0,0.0139,0.077,0.48710000000000003,0.1344,1.32,1.2,2.48,2.73,0.2186,0.0797,0.051,May 07/b,182.09,-0.006999999999999999,644858.0
CEG,94180000000.0,0.0053,0.0572,0.24710000000000001,0.1472,1.47,1.24,0.57,0.65,0.2228,0.198,0.12179999999999999,May 06/b,300.5,0.031,3019623.0
CF,14440000000.0,0.0226,0.0983,0.2614,0.1673,2.59,2.22,0.67,0.69,0.37929999999999997,0.32780000000000004,0.218,May 07/a,89.11,0.0023,489793.0
CFG,17190000000.0,0.0432,0.006999999999999999,0.0637,0.0398,0.1,,0.42,0.5,,0.1654,0.1153,Apr 16/b,39.64,-0.0031,1648091.0
CG,16000000000.0,0.0321,0.0483,0.20379999999999998,0.0692,,,1.81,1.88,0.5876,0.275,0.1907,May 08/b,44.31,-0.0028000000000000004,1123294.0
CHD,23640000000.0,0.0123,0.066,0.1335,0.0834,1.95,1.43,0.52,0.53,0.4353,0.1902,0.09519999999999999,May 01/b,95.97,0.008,824131.0
CHRW,11400000000.0,0.026099999999999998,0.095,0.3211,0.17370000000000002,1.29,1.29,0.69,1.0,0.079,0.0426,0.029300000000000003,Apr 30/a,95.98,-0.005600000000000001,362414.0
CHTR,114540000000.0,,0.0347,0.36939999999999995,0.048,0.36,0.36,5.66,5.81,0.47759999999999997,0.245,0.0942,Apr 25/b,408.02,-0.004699999999999999,538907.0
CHWY,18110000000.0,,0.1183,1.0178,0.5141,0.75,0.37,1.92,2.05,0.28300000000000003,0.0096,0.0331,Jun 11/b,43.78,-0.0034000000000000002,3216282.0
CI,83810000000.0,0.0231,0.0342,0.12369999999999999,0.0755,0.78,,0.66,0.76,,0.0341,0.019799999999999998,May 02/b,313.73,0.0034000000000000002,865977.0
CIEN,11370000000.0,,0.0141,0.0276,0.0182,3.65,2.77,0.56,0.57,0.3953,0.0454,0.0195,Jun 05/b,80.0,-0.0016,290188.0
CL,74830000000.0,0.0225,0.1744,9.7707,0.4178,0.85,0.54,18.1,22.78,0.6073,0.223,0.1452,Apr 25/b,92.33,0.0158,3382582.0
CLS,13880000000.0,,0.0732,0.2587,0.1637,1.43,0.85,0.66,0.69,0.10339999999999999,0.0621,0.04190000000000001,Apr 24/a,120.72,0.0203,2002312.0
CLX,16100000000.000002,0.0378,0.1226,11.7627,0.2451,0.74,0.44,103.89,109.04,0.45030000000000003,0.1547,0.0989,May 05/a,130.6,-0.0023,524749.0
CM,64150000000.00001,0.040999999999999995,0.0074,0.1323,0.06,0.29,,1.08,3.51,,0.14550000000000002,0.1134,May 29/b,68.24,0.019299999999999998,426473.0
CMCSA,129220000000.0,0.0381,0.0591,0.1857,0.08779999999999999,0.65,0.65,1.07,1.14,0.5814,0.1873,0.1272,Apr 24/b,34.61,0.0006,5307671.0
CME,102730000000.0,0.039,0.025,0.134,0.1164,,,0.14,0.14,0.8268000000000001,0.6492,0.5699000000000001,Apr 23/b,285.08,0.0109,906967.0
CMG,68140000000.0,,0.1789,0.4557,0.19920000000000002,1.52,1.48,1.25,1.33,0.23420000000000002,0.1766,0.1359,Apr 23/a,50.58,-0.004,4355091.0
CMS,20820000000.0,0.031400000000000004,0.0291,0.1253,0.041100000000000005,1.06,0.84,1.95,2.04,0.2643,0.20149999999999998,0.1297,Apr 24/b,69.61,0.0037,685092.0
CNC,27940000000.0,0.0223,0.0407,0.1259,0.0747,1.11,,0.66,0.66,,0.021400000000000002,0.0204,Apr 25/b,56.14,-0.0332,2771217.0
CNH,15990000000.0,0.03,0.023799999999999998,0.1326,0.0308,7.58,6.31,3.32,3.35,0.3264,0.1902,0.0553,May 01/b,12.8,-0.0123,10464771.0
CNI,66280000000.0,0.023700000000000002,0.0815,0.2181,0.11380000000000001,0.62,0.43,0.89,0.98,0.4329,0.3715,0.262,May 01/a,105.62,-0.005600000000000001,436615.0
CNM,10470000000.0,,0.0751,0.261,0.0999,2.34,1.29,1.42,1.48,0.2415,0.0981,0.0552,Mar 25/b,53.06,-0.0032,263781.0
CNP,24440000000.0,0.0231,0.022799999999999997,0.0922,0.0308,0.93,0.79,1.86,2.09,0.28850000000000003,0.2262,0.10800000000000001,Apr 24/b,37.44,0.008199999999999999,924627.0
CNQ,64910000000.0,0.0541,0.0946,0.18989999999999999,0.136,0.84,0.53,0.42,0.47,0.3077,0.2937,0.1977,May 08/b,30.92,0.0033,1569833.0
COF,118580000000.0,0.013300000000000001,0.0098,0.079,0.0436,1.86,,0.65,0.66,,0.10300000000000001,0.0848,Apr 22/a,185.24,-0.0176,1948513.0
COHR,12100000000.0,,0.0067,0.0125,-0.0027,2.47,1.54,0.5,0.5,0.3558,0.0987,-0.005699999999999999,May 07/a,77.84,-0.0132,1093567.0
COIN,67480000000.00001,,0.0079,0.1583,0.0992,,,0.41,0.44,0.8073999999999999,0.2328,0.21230000000000002,May 08/a,264.93,-0.0258,6602069.0
COO,15750000000.0,0.0003,0.034300000000000004,0.0525,0.0391,1.99,1.14,0.31,0.31,0.619,0.187,0.1057,May 29/a,78.75,-0.0069,596869.0
COP,107810000000.0,0.0373,0.0866,0.1661,0.1076,1.27,1.13,0.36,0.36,0.2933,0.2365,0.1661,May 08/b,85.4,-0.0085,2707210.0
COR,56730000000.0,0.0075,0.025099999999999997,1.6158000000000001,0.2091,0.87,0.52,7.0,7.76,0.0294,0.0103,0.0055000000000000005,May 07/b,292.68,0.0089,459976.0
COST,449940000000.0,0.0046,0.1092,0.3289,0.2267,1.0,0.49,0.31,0.32,0.1267,0.0369,0.028900000000000002,May 29/a,1014.1,-0.004,656258.0
CP,75070000000.0,0.0075,0.040999999999999995,0.0762,0.043899999999999995,0.81,0.7,0.44,0.47,0.391,0.3663,0.2579,Apr 30/a,80.68,0.0034999999999999996,882060.0
CPNG,49840000000.0,,0.0166,0.060599999999999994,0.0344,1.16,0.9,0.7,0.93,0.293,0.014199999999999999,0.008199999999999999,May 06/a,27.45,0.0062,3615099.0
CPRT,52070000000.0,,0.1672,0.18539999999999998,0.1668,7.98,7.91,0.01,0.01,0.44,0.358,0.3221,May 22/a,53.9,-0.1114,12827675.0
CPT,16000000000.0,0.037200000000000004,0.013000000000000001,0.024700000000000003,0.0149,,,0.72,0.81,0.2394,0.1917,0.0756,May 01/a,113.07,-0.0116,656617.0
CRBG,17450000000.0,0.0305,0.0019,0.0584,0.0297,,,0.94,1.03,,0.0795,0.0438,May 05/a,31.75,0.0032,1399591.0
CRDO,10420000000.0,,0.0078000000000000005,0.0089,0.008100000000000001,7.67,7.01,0.02,0.03,0.609,-0.0115,0.015600000000000001,Jun 02/a,61.36,0.0095,1021919.0
CRH,63750000000.0,0.015700000000000002,0.0661,0.1578,0.0891,1.63,1.07,0.72,0.8,0.3557,0.1366,0.0907,May 05/a,94.3,-0.009000000000000001,1755748.0
CRM,268399999999.99997,0.0046,0.0596,0.1026,0.0857,0.99,0.99,0.18,0.2,0.7067,0.2023,0.1635,May 28/a,279.73,-0.013000000000000001,2680635.0
CRWD,113800000000.0,,-0.0025,-0.0069,-0.0048,1.67,1.67,0.24,0.24,0.7484999999999999,-0.0297,-0.0049,Mar 04/a,456.89,0.028900000000000002,2481321.0
CRWV,50090000000.0,0.0002,,,,0.44,0.44,2.55,3.88,,,,May 14/a,104.35,0.04190000000000001,25369373.0
CSCO,249440000000.0,0.025699999999999997,0.08070000000000001,0.21359999999999998,0.1401,0.91,0.83,0.52,0.67,0.6356,0.21760000000000002,0.17600000000000002,May 14/a,62.99,-0.0058,6024408.0
CSGP,31220000000.0,,0.012,0.0147,0.012199999999999999,6.01,6.01,0.13,0.13,0.7753,-0.0021,0.0417,Apr 29/a,74.0,-0.0018,635301.0
CSX,57910000000.0,0.0163,0.0753,0.2613,0.1038,0.88,0.75,1.56,1.61,0.3529,0.3529,0.2266,Apr 16/a,30.83,0.006,9187583.0
CTAS,89830000000.0,0.0060999999999999995,0.1906,0.40149999999999997,0.2612,1.11,0.89,0.48,0.59,0.4826,0.22769999999999999,0.1747,Mar 26/b,222.46,0.0036,473842.0
CTRA,18700000000.0,0.0365,0.0572,0.094,0.0689,0.9,0.86,0.31,0.32,0.3443,0.2915,0.21239999999999998,May 05/a,24.5,0.0034999999999999996,2024844.0
CTSH,39090000000.0,0.0158,0.12279999999999999,0.1661,0.1483,2.22,2.22,0.07,0.08,0.3151,0.1533,0.1173,Apr 30/a,79.29,-0.0076,1064587.0
CTVA,47090000000.0,0.0102,0.026600000000000002,0.0466,0.0437,1.44,1.0,0.07,0.17,0.40880000000000005,0.1346,0.0677,May 07/a,69.04,0.006500000000000001,763071.0
CVE,24630000000.0,0.0416,0.051,0.095,0.0725,1.46,0.84,0.33,0.36,0.0955,0.0818,0.0516,May 08/b,13.51,0.0139,7133878.0
CVNA,65540000000.00001,,0.050199999999999995,0.4439,0.0555,3.81,2.7,3.77,4.11,0.20550000000000002,0.085,0.0268,May 07/a,306.08,0.0127,1336592.0
CVS,76350000000.0,0.0385,0.0209,0.07,0.0351,0.82,0.63,0.96,1.06,0.1402,0.0305,0.0139,May 01/b,60.35,0.0022,3798722.0
CVX,237530000000.0,0.050300000000000004,0.0605,0.1011,0.08960000000000001,1.08,0.82,0.17,0.2,0.1411,0.08900000000000001,0.08109999999999999,May 02/b,136.01,0.0053,3516482.0
CX,10800000000.0,0.018600000000000002,0.0287,0.0658,0.0906,0.85,0.6,0.21,0.23,0.316,0.1085,0.08839999999999999,Apr 28/b,7.14,0.0207,9779215.0
D,47930000000.0,0.0475,0.0218,0.08220000000000001,0.0334,0.73,0.53,1.46,1.61,0.5813,0.28809999999999997,0.1509,May 01/b,56.2,0.0097,3089934.0
DAL,31360000000.0,0.011200000000000002,0.0481,0.2752,0.1075,0.38,0.33,1.2,1.44,0.1777,0.09609999999999999,0.0591,Apr 09/b,48.03,-0.0098,4221101.0
DASH,87130000000.0,,0.0271,0.0441,0.0383,1.7,1.7,0.05,0.06,0.4411,0.018000000000000002,0.0302,May 06/b,205.63,0.023700000000000002,1881564.0
DB,53160000000.0,0.0414,0.0032,0.0668,0.0225,5.35,,1.94,2.23,,0.11560000000000001,0.06860000000000001,Apr 29/b,27.38,-0.0381,3061639.0
DD,28220000000.0,0.024,0.0004,0.0006,-0.0026,1.4,0.91,0.25,0.33,0.3233,0.1572,-0.006,May 02/b,67.44,-0.0084,714227.0
DDOG,39670000000.0,,0.0327,0.06480000000000001,0.04019999999999999,2.71,2.71,0.41,0.64,0.8011,0.0105,0.058499999999999996,May 06/b,114.86,-0.006999999999999999,1345196.0
DE,138770000000.0,0.0118,0.0533,0.2407,0.0842,0.73,0.52,1.76,2.73,0.44179999999999997,0.2245,0.124,May 15/b,511.3,-0.0084,399370.0
DECK,15480000000.0,,0.2854,0.4182,0.3532,3.72,3.07,0.09,0.11,0.5787,0.23629999999999998,0.1938,May 22/a,102.01,-0.191,14170678.0
DELL,76640000000.0,0.0184,0.0553,,0.2429,0.69,0.55,,,0.218,0.0699,0.046799999999999994,May 29/a,112.13,0.0016,2246123.0
DEO,60760000000.0,0.037599999999999995,0.0768,0.3583,0.1219,1.6,0.67,1.87,2.11,0.6045,0.2874,0.1779,Feb 04/b,109.36,-0.013500000000000002,604975.0
DFS,50340000000.0,0.013999999999999999,0.0317,0.2829,0.1617,0.49,,0.53,0.77,,0.2717,0.1997,Apr 23/a,200.05,0.0,0.0
DG,22350000000.0,0.023700000000000002,0.0347,0.1589,0.049100000000000005,1.19,0.21,2.09,2.36,0.272,0.042199999999999994,0.0277,Jun 03/b,101.6,0.0095,947448.0
DGX,19050000000.0,0.0178,0.06,0.1335,0.0669,1.44,1.31,0.92,0.95,0.3171,0.1438,0.08779999999999999,Apr 22/b,170.65,0.0060999999999999995,481738.0
DHI,36390000000.0,0.0134,0.1225,0.1783,0.14029999999999998,10.39,1.07,0.26,0.27,0.255,0.157,0.1215,Apr 17/b,118.45,-0.0038,1135658.0
DHR,132250000000.0,0.0066,0.0463,0.0722,0.056299999999999996,1.43,1.05,0.31,0.35,0.598,0.2167,0.15810000000000002,Apr 22/b,184.79,-0.0143,1592456.0
DIS,197910000000.0,0.0076,0.045599999999999995,0.0875,0.0633,0.64,0.58,0.35,0.41,0.31379999999999997,0.1418,0.09519999999999999,May 07/b,110.09,-0.009399999999999999,3815862.0
DKNG,31110000000.0,,-0.0959,-0.4678,-0.1433,1.2,1.2,2.19,2.2,0.3833,-0.0947,-0.0797,May 08/a,34.98,0.0031,3392206.0
DKS,13490000000.0,0.0287,0.1082,0.4008,0.16219999999999998,1.76,0.67,1.25,1.4,0.359,0.1139,0.0867,May 28/b,168.54,-0.022400000000000003,996703.0
DLR,56820000000.0,0.028999999999999998,0.0098,0.021400000000000002,0.0101,,,0.81,0.86,0.23370000000000002,0.1441,0.0693,Apr 24/a,168.71,0.0046,566578.0
DLTR,18630000000.0,,0.0524,0.1888,-0.3077,1.06,0.75,1.48,1.97,0.3458,0.0541,-0.1099,Jun 04/b,88.65,-0.0147,1044687.0
DOC,11940000000.0,0.0733,0.0138,0.0326,0.016399999999999998,,,1.07,1.12,0.2095,0.1751,0.09949999999999999,Apr 24/a,16.8,-0.0015,2485254.0
DOCU,17260000000.0,,0.30579999999999996,0.6818000000000001,0.5065999999999999,0.79,0.79,0.05,0.06,0.787,0.0771,0.35869999999999996,Jun 05/a,85.22,-0.0151,617193.0
DOV,24360000000.0,0.0118,0.08710000000000001,0.1745,0.2364,2.13,1.56,0.36,0.42,0.3901,0.1707,0.28850000000000003,Apr 24/b,177.66,-0.012199999999999999,471018.0
DOW,19990000000.0,0.09880000000000001,0.0048,0.016,0.0083,1.54,0.9,1.01,1.07,0.0891,0.0349,0.0066,Apr 24/b,28.28,-0.013600000000000001,3891643.0
DRI,23840000000.0,0.0277,0.08839999999999999,0.48219999999999996,0.10800000000000001,0.39,0.24,3.43,3.56,0.1732,0.1175,0.08960000000000001,Mar 20/b,203.72,-0.0008,352971.0
DT,16010000000.000002,,0.1281,0.2086,0.18030000000000002,1.32,1.32,0.02,0.03,0.8035,0.1056,0.2847,May 14/b,53.47,-0.0134,925441.0
DTE,28260000000.0,0.032400000000000005,0.0321,0.1328,0.0453,0.87,0.59,1.84,1.97,0.17379999999999998,0.136,0.1151,May 01/b,136.18,0.0116,327425.0
DTM,10560000000.0,0.0317,0.0387,0.08289999999999999,0.045599999999999995,0.82,0.82,0.72,0.74,0.5307,0.4914,0.3496,Apr 30/b,103.9,0.0177,218675.0
DUK,90280000000.0,0.0369,0.026000000000000002,0.09480000000000001,0.0353,0.77,0.5,1.59,1.73,0.3178,0.26899999999999996,0.15,May 06/b,116.15,0.005,1179227.0
DUOL,23700000000.0,,0.0783,0.1206,0.102,2.68,2.68,0.06,0.06,0.7155,0.0873,0.1193,May 01/a,521.36,0.0069,263884.0
DVN,19950000000.0,0.033,0.0998,0.20879999999999999,0.12119999999999999,1.08,0.99,0.58,0.62,0.2797,0.24850000000000003,0.1686,May 06/a,31.06,-0.0025,3311010.0
DXCM,33200000000.000004,,0.0809,0.2372,0.1478,1.5,1.32,0.6,1.14,0.5943,0.1525,0.129,May 01/a,84.67,-0.0019,828812.0
EA,36910000000.0,0.0045000000000000005,0.08689999999999999,0.1613,0.1378,0.95,0.95,0.27,0.35,0.7851,0.2164,0.1506,May 06/a,147.19,0.0038,949085.0
EBAY,33200000000.000004,0.0159,0.1014,0.36479999999999996,0.18539999999999998,1.17,1.17,1.22,1.45,0.7175,0.24539999999999998,0.1971,Apr 30/a,72.05,-0.0014000000000000002,1905041.0
EBR,14460000000.0,0.037200000000000004,0.0345,0.0858,0.0571,2.29,2.27,0.54,0.64,0.43810000000000004,0.3467,0.23670000000000002,May 14/a,7.34,-0.0007000000000000001,818772.0
EC,17520000000.0,0.1152,0.0464,0.1864,0.07769999999999999,1.33,1.1,1.36,1.53,0.3077,0.2403,0.1075,May 06/a,8.52,0.0059,773912.0
ECL,73790000000.0,0.01,0.09630000000000001,0.2462,0.1277,1.32,0.98,0.86,0.94,0.4371,0.1691,0.1341,May 08/b,260.27,0.0023,275800.0
ED,37360000000.0,0.033,0.0275,0.0833,0.0387,1.28,1.19,1.05,1.1,0.6369,0.17850000000000002,0.1198,May 01/a,103.69,0.0026,599387.0
EFX,32670000000.0,0.006999999999999999,0.0508,0.1283,0.0658,0.85,0.85,0.87,1.0,0.43700000000000006,0.1923,0.10679999999999999,Apr 22/b,263.04,-0.0014000000000000002,221066.0
EIX,21760000000.0,0.0582,0.0331,0.1793,0.051500000000000004,0.96,0.89,2.19,2.38,0.2504,0.2053,0.1575,May 13/a,56.56,0.006,583830.0
EL,22770000000.0,0.026000000000000002,-0.0409,-0.1727,-0.0654,1.41,1.02,2.07,2.16,0.7376999999999999,0.08070000000000001,-0.0591,May 01/b,63.31,-0.0173,1277415.0
ELS,12700000000.0,0.0325,0.0649,0.22870000000000001,0.07400000000000001,,,1.83,1.83,0.37939999999999996,0.3387,0.23800000000000002,Apr 21/a,63.4,0.0002,406447.0
ELV,83980000000.0,0.0182,0.051100000000000007,0.1424,0.08380000000000001,1.43,,0.66,0.71,,0.0482,0.0323,Apr 22/b,371.72,-0.0333,1411109.0
EMR,66220000000.0,0.0181,0.0446,0.09820000000000001,0.0858,0.8,0.59,0.45,0.78,0.47130000000000005,0.18289999999999998,0.1361,May 07/b,117.72,0.0032,1498345.0
ENB,100020000000.0,0.058899999999999994,0.030699999999999998,0.0951,0.0368,0.73,0.66,1.42,1.51,0.3393,0.1794,0.0964,May 09/b,45.88,0.015600000000000001,1196806.0
ENTG,10900000000.0,0.005600000000000001,0.037000000000000005,0.08650000000000001,0.0398,3.26,1.95,1.08,1.08,0.4025,0.1684,0.09570000000000001,May 07/b,71.99,-0.016200000000000003,1259318.0
EOG,60150000000.0,0.035699999999999996,0.1324,0.209,0.1843,1.87,1.71,0.12,0.17,0.4341,0.3519,0.2588,May 02/b,110.2,-0.0053,1006007.0
EPD,67890000000.0,0.07,0.0789,0.20489999999999997,0.09910000000000001,0.86,0.64,1.02,1.11,0.12,0.1158,0.1027,Apr 29/b,31.3,-0.0029,1097603.0
EQH,15810000000.0,0.0199,0.0045000000000000005,0.5667,0.1747,5.66,,1.8,1.8,,0.151,0.0785,Apr 29/a,52.03,-0.0019,414840.0
EQNR,65010000000.00001,0.0636,0.0637,0.18280000000000002,0.12789999999999999,1.37,1.27,0.5,0.65,0.2964,0.2848,0.0821,Apr 30/b,23.77,0.011699999999999999,1226078.0
EQR,26490000000.0,0.0408,0.0493,0.0901,0.0518,,,0.74,0.74,0.3029,0.2858,0.33240000000000003,Apr 29/a,67.64,-0.0097,533242.0
EQT,33409999999.999996,0.0113,0.0113,0.0206,0.0128,0.57,0.57,0.39,0.41,0.2788,0.1673,0.0583,Apr 22/a,55.81,0.0022,2612302.0
ERIC,26620000000.0,0.036699999999999997,0.005600000000000001,0.0167,0.013000000000000001,1.09,0.88,0.41,0.49,0.4621,0.10679999999999999,0.0067,Apr 15/b,8.67,-0.011399999999999999,19746824.0
ES,23180000000.0,0.04769999999999999,0.0143,0.056299999999999996,0.020099999999999996,0.75,0.66,1.73,1.92,0.301,0.21960000000000002,0.0663,May 01/a,63.09,0.0005,536694.0
ET,61450000000.0,0.0742,0.0404,0.1373,0.047599999999999996,1.12,0.92,1.71,1.72,0.12369999999999999,0.1091,0.0556,May 06/a,17.91,0.0014000000000000002,3909025.0
ETN,125800000000.0,0.0127,0.1013,0.2084,0.147,1.31,0.84,0.45,0.58,0.3843,0.198,0.1555,May 02/b,321.5,0.0013,723680.0
ETR,35500000000.0,0.031,0.021,0.08960000000000001,0.030699999999999998,0.79,0.51,1.83,2.01,0.2927,0.23989999999999997,0.1131,Apr 29/b,82.41,0.0139,591499.0
EVRG,15110000000.0,0.041100000000000005,0.0275,0.0895,0.0392,0.55,0.29,1.25,1.45,0.3268,0.25,0.1496,May 08/b,65.66,-0.0039000000000000003,574358.0
EW,43870000000.0,,0.1268,0.1673,0.08220000000000001,4.45,3.66,0.07,0.07,0.7859,0.2692,0.1603,Apr 23/a,74.79,0.0,1947234.0
EWBC,12480000000.0,0.026099999999999998,0.0159,0.1566,0.1013,0.14,,0.46,0.49,,0.335,0.2614,Apr 22/a,90.54,-0.0045000000000000005,152957.0
EXAS,10720000000.0,,-0.16870000000000002,-0.3689,-0.2082,2.73,2.38,1.04,1.06,0.6957,-0.0675,-0.36060000000000003,May 01/a,56.81,0.0058,1130641.0
EXC,43860000000.0,0.0373,0.0255,0.10099999999999999,0.037000000000000005,1.09,0.98,1.66,1.76,0.2646,0.1997,0.1143,May 01/b,43.45,0.0007000000000000001,3368737.0
EXE,27510000000.0,0.0202,-0.0471,-0.071,-0.0441,0.59,0.59,0.3,0.31,0.2377,0.0173,-0.1512,Apr 29/a,115.59,0.0105,564378.0
EXEL,11610000000.0,,0.22820000000000001,0.30219999999999997,0.2776,3.5,3.44,0.09,0.09,0.9678,0.3543,0.2799,May 13/a,42.56,-0.006999999999999999,1001935.0
EXPD,15420000000.0,0.0149,0.1827,0.377,0.3055,1.69,1.69,0.21,0.26,0.1493,0.0978,0.0764,May 06/b,112.63,-0.009300000000000001,467086.0
EXPE,20280000000.0,0.0066,0.046,1.1916,0.2018,0.73,0.73,4.4,6.03,0.8340000000000001,0.1134,0.0848,May 08/a,159.55,-0.0073,700624.0
EXR,32240000000.000004,0.0451,0.0323,0.0646,0.0342,,,0.92,0.95,0.33149999999999996,0.2995,0.2779,Apr 29/a,145.48,0.0048,166273.0
F,41220000000.0,0.06559999999999999,0.018000000000000002,0.11470000000000001,0.034,1.13,0.97,2.3,3.53,0.0788,0.0219,0.0274,May 05/a,10.36,-0.0072,52563119.0
FANG,39720000000.0,0.0291,0.0793,0.1426,0.0768,0.86,0.83,0.34,0.36,0.4382,0.4096,0.30670000000000003,May 05/a,135.94,-0.0026,741482.0
FAST,46880000000.0,0.021400000000000002,0.24489999999999998,0.3235,0.2872,4.28,2.14,0.09,0.13,0.42810000000000004,0.1989,0.15130000000000002,Apr 11/b,40.87,0.0037,1633572.0
FCX,55620000000.0,0.0155,0.0318,0.10099999999999999,0.0658,2.32,1.13,0.5,0.53,0.2736,0.2494,0.07150000000000001,Apr 24/b,38.73,0.0273,8676620.0
FDX,51970000000.0,0.0252,0.045700000000000005,0.1474,0.0646,1.24,1.19,1.27,1.39,0.21420000000000003,0.0688,0.044500000000000005,Mar 20/a,216.9,-0.0087,622614.0
FE,24180000000.0,0.0425,0.0209,0.08689999999999999,0.0321,0.42,0.34,1.69,1.97,0.2693,0.1804,0.07780000000000001,Apr 23/a,41.89,-0.0023,1476406.0
FERG,35440000000.0,0.0172,0.1018,0.3007,0.1534,1.82,0.98,0.95,1.1,0.2917,0.0848,0.054900000000000004,Jun 03/b,178.37,-0.0052,663013.0
FHN,10050000000.0,0.030299999999999997,0.0098,0.0909,0.0735,0.22,,0.19,0.63,,0.20629999999999998,0.15560000000000002,Apr 16/b,19.81,0.0023,2342260.0
FI,88150000000.0,,0.0375,0.1188,0.061399999999999996,1.1,1.1,1.04,1.1,0.6097,0.2933,0.1568,Apr 24/b,159.0,-0.014499999999999999,3533836.0
FIS,41150000000.0,0.0213,0.0253,0.0525,0.0368,0.63,0.63,0.57,0.8,0.3713,0.2324,0.0857,May 06/b,78.32,-0.0002,632832.0
FITB,24870000000.0,0.0405,0.0108,0.11710000000000001,0.0616,0.21,,0.71,0.99,,0.2525,0.1573,Apr 17/b,37.26,-0.0068000000000000005,1398040.0
FLEX,15400000000.0,,0.045700000000000005,0.1623,0.10550000000000001,1.3,0.79,0.59,0.86,0.0855,0.050499999999999996,0.0325,May 07/b,41.26,-0.0043,1080580.0
FLUT,42690000000.0,,0.0212,0.053899999999999997,0.030600000000000002,0.95,0.95,0.73,0.75,0.4755,0.0801,0.0365,May 07/a,241.63,0.014499999999999999,514391.0
FNF,14830000000.0,0.0355,0.013999999999999999,0.1472,0.0873,,,0.6,0.6,,0.1364,0.0839,May 07/a,54.01,0.0073,432424.0
FNV,32450000000.000004,0.009000000000000001,0.0971,0.10189999999999999,0.098,22.9,22.89,0.0,0.0,0.6984,0.6653,0.5041,May 08/a,168.41,0.026699999999999998,268821.0
FOX,23550000000.0,0.0109,0.0827,0.1689,0.0983,2.45,2.33,0.65,0.7,0.32170000000000004,0.19030000000000002,0.1158,May 12/b,50.27,-0.0048,314752.0
FOXA,23560000000.0,0.01,0.0827,0.1689,0.0983,2.45,2.33,0.65,0.7,0.32170000000000004,0.19030000000000002,0.1158,May 12/b,54.72,-0.0046,1214287.0
FSLR,17290000000.0,,0.1106,0.1677,0.147,1.93,1.39,0.05,0.08,0.4376,0.34630000000000005,0.29719999999999996,Apr 29/a,161.18,0.030899999999999997,2229573.0
FTAI,11680000000.0,0.0106,0.0192,0.6957,0.0072,3.95,2.59,128.58,128.58,0.32770000000000005,0.3172,0.0138,Apr 30/a,113.85,0.008100000000000001,399992.0
FTI,12430000000.0,0.0072,0.08689999999999999,0.2724,0.19390000000000002,1.07,0.82,0.39,0.6,0.1967,0.1142,0.0891,Apr 24/b,29.65,0.0029,1053277.0
FTNT,78900000000.0,,0.20800000000000002,2.0591,0.7642,1.36,1.29,0.25,0.51,0.8134,0.3136,0.306,May 07/a,103.08,-0.0052,1711501.0
FTV,23770000000.0,0.0045000000000000005,0.046,0.077,0.060599999999999994,0.97,0.76,0.29,0.38,0.5998,0.1894,0.129,May 01/b,69.93,-0.0031,1091173.0
FUTU,10600000000.0,,0.0425,0.20670000000000002,0.19260000000000002,,,0.0,0.31,0.9390999999999999,0.6063000000000001,0.40049999999999997,May 29/b,111.88,0.0039000000000000003,786655.0
FWONK,30890000000.0,,-0.0075,-0.012199999999999999,-0.008199999999999999,2.32,2.32,0.4,0.41,0.1884,0.066,-0.0242,May 07/b,97.36,0.0015,215026.0
GAP,10810000000.0,0.0223,0.0736,0.28809999999999997,0.1041,1.6,0.96,1.48,1.68,0.4118,0.0704,0.0559,May 29/a,28.69,-0.0067,4693197.0
GD,73750000000.0,0.0213,0.0711,0.18230000000000002,0.128,1.34,0.82,0.4,0.52,0.1543,0.10220000000000001,0.0808,Apr 23/b,274.77,-0.008199999999999999,309025.0
GDDY,26220000000.0,,0.0955,2.457,0.1864,0.56,0.56,19.27,19.46,0.5971,0.21109999999999998,0.16219999999999998,May 01/a,183.99,0.0001,292605.0
GE,248650000000.0,0.006,0.0479,0.2809,0.1855,1.08,0.77,0.95,1.08,0.3818,0.18600000000000003,0.1757,Apr 22/b,233.17,0.0126,2184268.0
GEHC,31460000000.0,0.0012,0.0664,0.2632,0.1343,0.94,0.72,0.77,1.0,0.4157,0.14880000000000002,0.1103,Apr 30/b,68.71,-0.0104,1031534.0
GEN,17140000000.0,0.0195,0.041100000000000005,0.28800000000000003,0.0626,0.51,0.51,3.53,3.66,0.7585999999999999,0.4117,0.1634,May 06/a,27.63,-0.0045000000000000005,1884588.0
GEV,127680000000.0,0.0018,0.038900000000000004,0.2202,0.2249,1.02,0.76,0.0,0.0,0.185,0.031200000000000002,0.0542,Apr 23/b,467.81,0.0196,2065686.0
GFI,20680000000.0,0.0449,0.1336,0.2535,0.1671,1.13,0.72,0.41,0.57,0.4289,0.3834,0.2389,Feb 20/b,23.1,0.0483,1700678.0
GFL,18000000000.0,0.001,-0.0385,-0.1002,-0.1641,0.82,0.82,0.91,0.93,0.193,0.059000000000000004,-0.3196,Apr 30/a,49.08,0.0059,288975.0
GFS,20150000000.0,,-0.0108,-0.0169,-0.015,2.51,1.77,0.14,0.15,0.2377,0.1079,-0.0277,May 06/b,36.44,-0.0277,485558.0
GILD,133440000000.0,0.0301,0.1058,0.3251,0.1444,1.37,1.23,1.16,1.3,0.7825,0.3801,0.2079,Apr 24/a,107.27,0.005,2309312.0
GIS,29110000000.0,0.0449,0.0805,0.2737,0.12119999999999999,0.67,0.44,1.28,1.53,0.3563,0.1858,0.1303,Mar 19/b,53.17,-0.0033,1874396.0
GLPI,12690000000.0,0.0664,0.06480000000000001,0.1858,0.0679,,,1.71,1.71,0.8098000000000001,0.7273999999999999,0.4996,Apr 24/a,46.18,0.0033,399736.0
GLW,41470000000.0,0.024,0.0165,0.0414,0.0245,1.69,1.05,0.73,0.76,0.3218,0.1213,0.0334,Apr 29/b,48.41,-0.0028000000000000004,1553927.0
GM,47010000000.0,0.0115,0.0208,0.0888,0.0471,1.21,1.04,1.5,2.06,0.1211,0.0658,0.04019999999999999,Apr 29/b,48.9,-0.0078000000000000005,2330180.0
GMAB,12730000000.0,,0.1907,0.22690000000000002,0.2091,5.34,5.32,0.02,0.03,0.9512,0.3328,0.35109999999999997,May 08/a,20.7,-0.0155,582675.0
GME,14450000000.0,,0.0298,0.04190000000000001,0.0253,8.05,7.33,0.05,0.08,0.2914,-0.006,0.034300000000000004,Mar 25/a,32.31,0.047,20852380.0
GOOG,2067840000000.0002,0.0031,0.2515,0.3479,0.3002,1.77,1.77,0.07,0.08,0.5854,0.326,0.3089,Apr 24/a,171.01,-0.005600000000000001,13787022.0
GOOGL,2066420000000.0,0.0029,0.2515,0.3479,0.3002,1.77,1.77,0.07,0.08,0.5854,0.326,0.3089,Apr 24/a,169.79,-0.0063,20982369.0
GPC,17510000000.0,0.0326,0.044500000000000005,0.19190000000000002,0.0872,1.15,0.52,1.19,1.37,0.3475,0.0594,0.036000000000000004,Apr 22/b,126.17,-0.005699999999999999,304748.0
GPN,18150000000.0,0.014499999999999999,0.031400000000000004,0.0703,0.04190000000000001,0.94,0.94,0.67,0.76,0.6277,0.2228,0.1548,May 06/b,74.4,-0.0174,636833.0
GRAB,20310000000.0,,0.0027,0.0038,0.0036,2.49,2.46,0.04,0.06,0.42479999999999996,-0.0031,0.008199999999999999,Apr 30/b,4.99,0.005,8527427.0
GRMN,38690000000.0,0.0171,0.1594,0.19039999999999999,0.1765,4.08,2.89,0.02,0.02,0.5859000000000001,0.2525,0.22760000000000002,Apr 30/b,200.94,-0.0032,237841.0
GS,184170000000.0,0.0209,0.0086,0.1226,0.0358,1.17,,2.18,5.36,,0.1533,0.1128,Apr 14/b,600.2,0.0033,853701.0
GSK,78580000000.0,0.044800000000000006,0.052300000000000006,0.22260000000000002,0.1007,0.87,0.58,1.16,1.3,0.7184,0.1802,0.0989,Apr 30/b,38.78,-0.0034999999999999996,1865379.0
H,12220000000.0,0.005,0.0617,0.2231,0.1041,,,1.2,1.33,0.1457,0.0705,0.1191,May 01/b,127.96,0.0033,186498.0
HAL,17059999999.999998,0.0348,0.0842,0.20989999999999998,0.11470000000000001,1.98,1.46,0.76,0.83,0.18170000000000003,0.16570000000000001,0.0931,Apr 22/b,19.84,-0.0058,4072523.0
HBAN,22400000000.0,0.0412,0.0102,0.10300000000000001,0.049800000000000004,0.12,,0.89,0.92,,0.2084,0.1605,Apr 17/b,15.38,-0.0033,15656697.0
HCA,90540000000.0,0.0078000000000000005,0.099,,0.1467,1.19,1.06,,,0.1515,0.1515,0.08070000000000001,Apr 25/b,376.36,-0.0007000000000000001,448358.0
HD,361280000000.0,0.0253,0.1641,2.9951999999999996,0.2323,1.09,0.28,6.92,7.7,0.3141,0.1324,0.0898,May 20/b,363.48,-0.0072,1152362.0
HDB,188800000000.0,0.0111,0.0168,0.1451,0.061900000000000004,0.27,,1.22,1.22,,0.2043,0.1503,Apr 19/a,73.96,0.0171,847505.0
HES,40450000000.0,0.0154,0.0859,0.2082,0.1079,1.08,0.91,0.79,0.82,0.3829,0.3318,0.1782,Apr 30/b,130.79,0.0059,704134.0
HIG,36640000000.0,0.0161,0.040999999999999995,0.18489999999999998,0.1399,0.31,,0.26,0.26,,0.1456,0.11019999999999999,Apr 24/a,128.96,-0.0007000000000000001,684511.0
HIMS,12180000000.0,,0.24539999999999998,0.3679,0.27,1.59,1.32,0.11,0.12,0.6819,0.06480000000000001,0.09210000000000002,May 05/a,54.4,0.016399999999999998,17472721.0
HLN,50240000000.0,0.0167,0.042699999999999995,0.08900000000000001,0.0593,0.98,0.78,0.53,0.63,0.6323,0.2232,0.1284,Feb 27/b,11.14,0.0072,14055966.0
HLT,58320000000.0,0.0025,0.09820000000000001,,0.2253,,,,,0.2579,0.21030000000000001,0.139,Apr 29/b,245.34,-0.0053,443535.0
HMC,42640000000.0,0.051100000000000007,0.027000000000000003,0.0654,0.042199999999999994,1.36,1.07,0.56,0.93,0.215,0.0557,0.0382,May 13/a,29.43,-0.003,186448.0
HOLX,12040000000.0,,0.0645,0.1177,0.0785,3.24,2.52,0.54,0.55,0.5598,0.2372,0.1383,May 01/a,54.03,-0.0083,651752.0
HON,142870000000.0,0.0204,0.0808,0.3356,0.12890000000000001,1.25,0.95,1.53,1.95,0.3825,0.2032,0.1451,Apr 29/b,222.3,-0.0059,1184105.0
HOOD,56240000000.0,,0.0432,0.2143,0.1971,,,0.01,1.48,0.8745999999999999,0.3917,0.4851,Apr 30/a,63.72,-0.0161,19077480.0
HPE,22810000000.0,0.0308,0.0437,0.1209,0.0718,1.32,0.98,0.53,0.71,0.3019,0.07519999999999999,0.0888,Jun 03/a,17.37,-0.0103,4772379.0
HPQ,26310000000.0,0.0418,0.0727,,0.34049999999999997,0.72,0.42,,,0.2112,0.0737,0.0507,May 28/a,27.91,-0.0208,3917888.0
HRL,16149999999.999998,0.039599999999999996,0.0562,0.09539999999999998,0.0696,2.45,1.31,0.36,0.36,0.1681,0.08349999999999999,0.0635,May 29/b,29.37,-0.0027,1121351.0
HSBC,209090000000.0,0.056299999999999996,0.006500000000000001,0.10830000000000001,0.0519,2.0,,1.2,2.35,,0.1834,0.1383,Apr 29/b,59.35,-0.001,1044670.0
HST,10210000000.0,0.0581,0.0533,0.1012,0.055099999999999996,,,0.85,0.85,0.1562,0.1354,0.1166,Apr 30/a,14.72,-0.0074,3082336.0
HSY,31190000000.0,0.0359,0.125,0.37479999999999997,0.16190000000000002,1.59,1.11,1.17,1.34,0.4067,0.1974,0.1532,May 01/b,153.94,0.0005,908855.0
HTHT,11250000000.0,0.0392,0.0535,0.289,0.07980000000000001,0.88,0.88,2.94,3.35,0.3586,0.2089,0.1366,May 20/b,36.49,0.029300000000000003,1035790.0
HUM,27100000000.0,0.0169,0.0339,0.1009,0.056100000000000004,1.91,,0.72,0.75,,0.0278,0.014199999999999999,Apr 30/b,224.52,-0.0115,845433.0
HWM,66760000000.00001,0.0025,0.1186,0.2829,0.1524,2.3,1.07,0.72,0.73,0.2864,0.2368,0.1661,May 01/b,165.37,0.014499999999999999,698712.0
IBKR,87790000000.0,0.006,0.0055000000000000005,0.19260000000000002,0.1723,,,0.02,3.78,0.9411,0.8399,0.0832,Apr 15/a,207.74,0.005,323532.0
IBM,241050000000.0,0.026000000000000002,0.0388,0.2191,0.0636,0.98,0.94,2.2,2.49,0.5595,0.1772,0.08710000000000001,Apr 23/a,259.36,0.0038,1515456.0
IBN,122570000000.0,0.0084,0.0203,0.1789,0.0968,0.23,,0.7,0.7,,0.24739999999999998,0.17329999999999998,Apr 19/a,34.38,0.0179,3117443.0
ICE,101170000000.0,0.011000000000000001,0.0203,0.1027,0.061,,,0.63,0.74,0.6997,0.4039,0.24600000000000002,May 01/b,176.37,0.013600000000000001,1125106.0
ICLR,10320000000.0,,0.0449,0.0801,0.0582,1.27,1.27,0.37,0.37,0.2369,0.1454,0.0925,Apr 30/a,127.84,0.0067,541494.0
IFF,19170000000.0,0.0219,-0.028300000000000002,-0.0608,-0.0392,1.87,1.39,0.62,0.75,0.3104,0.10679999999999999,-0.0731,May 06/a,74.94,-0.0102,437040.0
ILMN,12640000000.0,,-0.11900000000000001,-0.2382,-0.2194,1.86,1.48,0.86,1.1,0.6638,0.327,-0.2225,May 08/a,79.84,-0.0087,746503.0
INCY,12450000000.0,,0.0033,0.004699999999999999,0.005699999999999999,2.04,2.0,0.01,0.01,0.9116,0.046799999999999994,0.0048,Apr 29/b,64.31,-0.0032,364007.0
INFY,75500000000.0,0.034300000000000004,0.1861,0.29,0.2657,2.25,2.25,0.06,0.09,0.3046,0.2148,0.1638,Apr 17/a,18.18,0.0075,5632871.0
ING,64470000000.0,0.054400000000000004,0.0059,0.1192,0.0259,0.26,,3.67,3.67,,0.4033,0.27699999999999997,May 02/b,21.14,-0.013300000000000001,1622422.0
INSM,12300000000.0,,-0.6842,-8.9075,-0.7245,5.86,5.44,13.1,13.21,0.7517,-2.2544,-2.6593,May 08/b,67.53,0.0206,700119.0
INTC,87850000000.0,0.0021,-0.09970000000000001,-0.1866,-0.13269999999999998,1.31,0.93,0.45,0.5,0.31670000000000004,-0.0779,-0.3619,Apr 24/a,20.14,-0.02,42423227.0
INTU,201310000000.0,0.0054,0.1018,0.1784,0.13019999999999998,1.45,1.45,0.32,0.35,0.7679,0.2568,0.1907,May 22/a,720.09,0.08109999999999999,3975806.0
INVH,20180000000.0,0.0353,0.0259,0.0492,0.0125,,,0.84,0.84,0.3439,0.2669,0.0821,Apr 30/a,32.93,-0.0052,813394.0
IONQ,11720000000.0,,-0.4653,-0.5211,-0.4164,13.17,12.67,0.02,0.02,0.0069,-5.8935,-7.532,May 07/a,47.3,0.033,41750306.0
IOT,26210000000.0,,-0.0824,-0.1561,-0.1366,1.35,1.3,0.06,0.08,0.7612000000000001,-0.1482,-0.124,Jun 05/a,46.04,-0.0022,650110.0
IP,25200000000.0,0.0379,0.0123,0.0301,0.013300000000000001,1.33,0.96,0.65,0.69,0.2173,0.0294,0.0199,Apr 30/b,47.74,-0.0184,999365.0
IQV,23590000000.0,,0.0495,0.2165,0.0693,0.82,0.82,2.22,2.43,0.2752,0.1466,0.0861,May 06/b,136.36,-0.012199999999999999,931146.0
IR,32560000000.000004,0.0006,0.048499999999999995,0.0809,0.053899999999999997,2.38,1.76,0.45,0.46,0.3868,0.19920000000000002,0.113,May 01/a,80.69,-0.0063,1928874.0
IRM,28380000000.0,0.031400000000000004,0.0066,59.951899999999995,0.0078000000000000005,,,,,0.4131,0.1954,0.0195,May 01/b,96.2,0.0042,361029.0
ISRG,193940000000.0,,0.1413,0.1594,0.1447,4.98,3.97,0.0,0.0,0.6708,0.282,0.2841,Apr 22/a,541.09,-0.0029,528629.0
ITUB,35410000000.0,0.0721,0.0147,0.2065,0.073,0.67,,1.91,4.53,,0.1472,0.1149,May 08/a,6.65,0.0053,28410289.0
ITW,70930000000.0,0.024900000000000002,0.2165,1.0762,0.32020000000000004,1.6,1.16,2.25,2.55,0.43090000000000006,0.2593,0.2137,Apr 30/b,242.08,-0.0108,333552.0
JBHT,13690000000.0,0.0129,0.0673,0.13970000000000002,0.1182,0.89,0.89,0.23,0.41,0.1023,0.0687,0.04650000000000001,Apr 15/a,138.02,-0.0073,324716.0
JBL,17790000000.0,0.0019,0.027999999999999997,0.24100000000000002,0.1059,1.02,0.66,2.36,2.47,0.0895,0.0483,0.0176,Mar 20/b,165.77,0.0040999999999999995,220992.0
JCI,64390000000.0,0.015,0.0547,0.1492,0.1005,0.94,0.79,0.58,0.71,0.35600000000000004,0.141,0.10189999999999999,May 07/b,97.85,-0.0008,1174162.0
JD,43320000000.0,0.027200000000000002,0.0707,0.1981,0.1463,1.26,0.9,0.32,0.37,0.1588,0.0353,0.037599999999999995,May 13/b,33.49,-0.0059,4048056.0
JEF,10050000000.0,0.0331,0.0097,0.0638,0.025099999999999997,,,1.51,3.43,0.9078,0.4572,0.0661,Mar 26/a,48.74,-0.0031,343684.0
JHX,10090000000.0,,0.0834,0.21050000000000002,0.1268,2.1,1.67,0.54,0.56,0.3881,0.1863,0.1092,May 19/a,23.47,-0.0124,1471862.0
JNJ,368140000000.0,0.0336,0.1193,0.2945,0.1873,1.26,1.03,0.49,0.67,0.6823999999999999,0.23829999999999998,0.2441,Apr 15/b,153.0,0.0026,3112832.0
JNPR,12000000000.0,0.0253,0.0361,0.0758,0.0557,1.49,1.16,0.31,0.39,0.5870000000000001,0.0875,0.0678,May 01/a,35.9,-0.0021,684879.0
JPM,726180000000.0,0.0218,0.0141,0.1725,0.0735,1.21,,1.25,2.96,,0.2848,0.20440000000000003,Apr 11/b,261.3,0.0024,3531676.0
K,28540000000.0,0.027999999999999997,0.08960000000000001,0.39049999999999996,0.1467,0.8,0.52,1.4,1.59,0.36090000000000005,0.1503,0.1092,May 01/b,82.27,0.0023,1047619.0
KDP,44730000000.0,0.028300000000000002,0.028399999999999998,0.0613,0.0398,0.47,0.29,0.55,0.72,0.522,0.2302,0.0969,Apr 24/b,32.94,-0.0023,3735225.0
KEY,17190000000.0,0.0527,0.0001,0.0014000000000000002,-0.0038,0.62,,0.65,0.78,,-0.006999999999999999,-0.0128,Apr 17/b,15.69,-0.0003,5765612.0
KEYS,27640000000.0,,0.076,0.14300000000000002,0.09050000000000001,3.37,2.74,0.5,0.5,0.6631,0.12710000000000002,0.14529999999999998,May 20/a,159.94,-0.0111,289011.0
KGC,18100000000.0,0.008100000000000001,0.1125,0.1812,0.1434,2.7,1.1,0.17,0.17,0.35960000000000003,0.3368,0.21739999999999998,May 06/a,14.76,0.019,10502023.0
KHC,31090000000.0,0.061,0.0294,0.0536,0.0377,1.31,0.81,0.42,0.44,0.3464,0.2086,0.10439999999999999,Apr 29/b,26.27,-0.0087,5726893.0
KIM,13890000000.0,0.0493,0.0281,0.0519,0.0278,,,0.75,0.77,0.3997,0.3261,0.2465,May 01/b,20.53,-0.0038,1214416.0
KKR,104870000000.0,0.0064,0.0062,0.09029999999999999,0.0282,,,1.84,1.86,0.4404,0.24050000000000002,0.1332,May 01/b,117.75,-0.0038,1575346.0
KLAC,100190000000.0,0.0089,0.2452,1.041,0.3677,2.49,1.68,1.51,1.52,0.6112,0.4201,0.32020000000000004,Apr 30/a,757.64,-0.0129,472805.0
KMB,46830000000.0,0.0355,0.1476,2.2984,0.3251,0.76,0.49,5.89,6.58,0.358,0.1457,0.12480000000000001,Apr 22/b,141.12,0.0098,1398574.0
KMI,61900000000.0,0.042,0.0359,0.0843,0.0424,0.45,0.35,0.98,1.08,0.3608,0.28600000000000003,0.16579999999999998,Apr 16/a,27.85,0.018799999999999997,4223907.0
KO,309240000000.0,0.028300000000000002,0.1072,0.40979999999999994,0.15460000000000002,1.1,0.89,1.66,1.87,0.6117,0.24710000000000001,0.2311,Apr 29/b,71.85,0.009899999999999999,5372695.0
KR,45830000000.0,0.0195,0.0499,0.2659,0.0814,0.96,0.52,2.92,3.03,0.205,0.0315,0.018000000000000002,Mar 06/b,68.83,0.013000000000000001,2593100.0
KVUE,45570000000.0,0.0345,0.0394,0.10220000000000001,0.0642,0.86,0.6,0.64,0.88,0.5818,0.171,0.069,May 08/b,23.74,0.01,3754665.0
LDOS,19550000000.0,0.010700000000000001,0.1025,0.3131,0.135,1.54,1.42,1.32,1.35,0.1723,0.114,0.0787,May 06/b,151.85,-0.0408,836125.0
LEN,27530000000.0,0.0191,0.1,0.1497,0.1421,3.32,0.74,0.14,0.17,0.2195,0.1288,0.1032,Mar 20/a,104.9,-0.0037,632574.0
LHX,44450000000.0,0.0206,0.038599999999999995,0.0849,0.0533,1.02,0.85,0.57,0.64,0.22440000000000002,0.1035,0.0755,Apr 24/b,237.76,-0.006,1017064.0
LI,24050000000.0,,0.0526,0.1229,0.0955,1.82,1.71,0.21,0.42,0.2053,0.0441,0.0556,May 29/b,28.8,0.0044,1149661.0
LIN,216060000000.0,0.0131,0.08109999999999999,0.172,0.1188,0.94,0.8,0.46,0.63,0.3693,0.2659,0.2002,May 01/b,458.99,-0.0,547853.0
LINE,10370000000.0,0.0466,-0.0351,-0.09720000000000001,-0.0424,0.99,0.86,0.81,0.84,0.17059999999999997,0.0613,-0.1242,Apr 30/b,45.36,-0.0060999999999999995,224028.0
LKQ,10390000000.0,0.0298,0.045599999999999995,0.1137,0.0625,1.52,0.56,0.82,0.95,0.3671,0.0935,0.049699999999999994,Apr 24/b,40.26,-0.0063,782077.0
LLY,676450000000.0,0.0092,0.1449,0.7773,0.221,1.37,1.06,2.19,2.44,0.8170000000000001,0.4025,0.2266,May 01/b,713.75,-0.002,1575846.0
LMT,109660000000.0,0.0285,0.0986,0.8255,0.21710000000000002,1.08,0.91,2.79,3.04,0.1023,0.1023,0.0766,Apr 22/b,468.02,-0.0052,361193.0
LNG,50690000000.0,0.0091,0.0718,0.6313,0.09949999999999999,1.19,1.06,4.59,4.71,0.3196,0.2926,0.1838,May 08/b,228.53,0.0001,673369.0
LNT,15780000000.0,0.0331,0.0338,0.10710000000000001,0.0475,0.34,0.24,1.21,1.5,0.27649999999999997,0.24739999999999998,0.1826,May 08/a,61.43,0.0034999999999999996,371326.0
LOW,123780000000.0,0.0213,0.1505,,0.3257,1.01,0.19,,,0.3127,0.1217,0.08199999999999999,May 21/b,221.14,-0.0116,1370050.0
LRCX,103710000000.0,0.011200000000000002,0.24359999999999998,0.5314,0.3518,2.45,1.64,0.39,0.47,0.4805,0.30879999999999996,0.27190000000000003,Apr 23/a,81.08,-0.0179,3901165.0
LULU,39130000000.0,,0.247,0.4242,0.3226,2.16,1.38,0.3,0.36,0.5920000000000001,0.2419,0.1714,Jun 05/a,312.38,-0.0252,948698.0
LUV,17640000000.0,0.023799999999999998,0.0159,0.056299999999999996,0.0382,0.77,0.72,0.54,0.85,0.1809,0.0286,0.02,Apr 24/b,30.95,-0.0083,4376473.0
LVS,28290000000.0,0.0245,0.061399999999999996,0.3921,0.0962,0.59,0.59,4.02,5.13,0.3599,0.21,0.1164,Apr 23/a,40.04,-0.0012,1788025.0
LYB,17940000000.0,0.0975,0.0252,0.0719,0.0436,1.83,1.04,0.99,1.04,0.1011,0.054400000000000004,0.0278,Apr 25/b,55.81,-0.009300000000000001,1517277.0
LYG,63990000000.0,0.0434,0.0043,0.0873,0.0292,1.63,,1.75,2.56,,0.2377,0.1566,May 01/b,4.26,0.0034999999999999996,20145392.0
LYV,33500000000.0,,0.0331,8.2753,0.0892,0.96,0.96,72.29,78.25,0.2304,0.0572,0.0305,May 01/a,144.56,0.0009,833671.0
MA,513909999999.99994,0.0053,0.28859999999999997,1.8891999999999998,0.516,1.11,1.11,2.82,2.82,0.9671,0.5769,0.4524,May 01/b,565.96,-0.0073,899310.0
MAR,70800000000.0,0.0101,0.09449999999999999,,0.2112,,,,,0.1957,0.154,0.0975,May 06/b,258.49,-0.0084,669715.0
MAS,13040000000.0,0.0196,0.1519,,0.2717,1.75,1.09,,,0.36229999999999996,0.1729,0.10289999999999999,Apr 23/b,61.8,-0.013999999999999999,627045.0
MBLY,12710000000.0,,-0.21359999999999998,-0.2218,-0.2468,7.64,6.38,0.0,0.0,0.4549,-0.2207,-1.605,Apr 24/b,15.65,-0.0213,1456316.0
MCD,225000000000.0,0.0227,0.14859999999999998,,0.1681,1.18,1.17,,,0.5627,0.45899999999999996,0.3175,May 01/b,314.67,0.0011,1438508.0
MCHP,30170000000.0,0.0329,-0.0,-0.0001,-0.0002,2.59,1.47,0.8,0.8,0.6049,0.08529999999999999,-0.0006,May 08/a,56.09,-0.0338,5667696.0
MCK,89770000000.0,0.0034999999999999996,0.0462,,0.8521,0.9,0.53,,,0.0341,0.0115,0.0092,May 08/a,717.54,0.0097,349079.0
MDB,15060000000.0,,-0.040999999999999995,-0.067,-0.0454,5.0,5.0,0.02,0.03,0.7315999999999999,-0.10769999999999999,-0.0643,Jun 04/a,184.33,-0.0225,625104.0
MDLZ,85670000000.0,0.028900000000000002,0.049100000000000005,0.13269999999999998,0.08529999999999999,0.61,0.4,0.64,0.78,0.32,0.129,0.09880000000000001,Apr 29/a,66.17,0.0103,3108127.0
MDT,103120000000.0,0.0347,0.0513,0.0949,0.0633,1.85,1.42,0.53,0.59,0.6755,0.19440000000000002,0.139,May 21/b,80.4,-0.0062,4725820.0
MET,51940000000.0,0.0292,0.0066,0.16079999999999997,0.092,4.13,,0.7,0.72,,0.0947,0.058600000000000006,Apr 30/a,77.37,-0.0037,1422539.0
META,1588980000000.0,0.0027,0.26489999999999997,0.3983,0.2865,2.66,2.66,0.26,0.27,0.8175,0.43,0.3911,Apr 30/a,632.02,-0.0072,5250012.0
MFC,53760000000.0,0.0404,0.0054,0.1017,0.0748,196.35,,0.28,0.28,,0.1625,0.0892,May 07/a,31.2,0.0084,550634.0
MFG,68129999999.99999,0.0381,0.0031,0.08449999999999999,0.030699999999999998,2.01,,1.71,6.08,,0.12539999999999998,0.1027,May 15/a,5.43,0.009300000000000001,1557812.0
MGA,10010000000.0,0.0483,0.0354,0.09849999999999999,0.066,1.06,0.74,0.48,0.64,0.0978,0.0481,0.0273,May 02/b,35.52,-0.0042,425413.0
MKC,19020000000.0,0.0254,0.060899999999999996,0.14730000000000001,0.09210000000000002,0.65,0.25,0.57,0.79,0.3859,0.1572,0.1167,Mar 25/b,70.94,-0.0052,1886659.0
MMC,113210000000.0,0.015,0.07730000000000001,0.30510000000000004,0.11720000000000001,,,1.45,1.59,,0.25329999999999997,0.16149999999999998,Apr 17/b,229.75,0.005600000000000001,787196.0
MMM,79900000000.0,0.020499999999999997,0.0929,0.9475,0.25379999999999997,1.66,1.25,2.85,3.15,0.4082,0.20079999999999998,0.1779,Apr 22/b,148.46,-0.0088,984580.0
MNST,61710000000.0,,0.1648,0.2,0.2234,3.37,2.78,0.04,0.04,0.5464,0.26289999999999997,0.2027,May 08/a,63.28,0.006500000000000001,1410055.0
MO,100420000000.0,0.0699,0.282,,0.5113,0.57,0.47,,,0.7081000000000001,0.5796,0.503,Apr 29/b,59.61,0.0053,2116382.0
MOS,11090000000.0,0.023700000000000002,0.016,0.030899999999999997,0.024,1.12,0.44,0.3,0.41,0.1519,0.1056,0.0332,May 06/a,34.96,-0.0013,934194.0
MPC,49020000000.0,0.023,0.0291,0.12369999999999999,0.0552,1.19,0.73,1.69,1.96,0.057800000000000004,0.034300000000000004,0.0177,May 06/b,159.57,0.0043,654349.0
MPLX,51630000000.0,0.0801,0.1176,0.32539999999999997,0.12990000000000002,1.08,1.04,1.46,1.66,0.45189999999999997,0.40270000000000006,0.3881,May 06/b,50.58,0.0052,515086.0
MRK,195050000000.0,0.0404,0.1578,0.3931,0.21309999999999998,1.41,1.16,0.69,0.72,0.7468,0.3471,0.2733,Apr 24/b,77.68,-0.0021,4985966.0
MRNA,10040000000.0,,-0.2281,-0.2934,-0.3118,4.22,4.14,0.07,0.07,0.4806,-1.1737,-1.0567,May 01/b,25.97,-0.0281,5070071.0
MRVL,52510000000.0,0.004,-0.042699999999999995,-0.0626,-0.0496,1.54,1.03,0.33,0.35,0.4131,-0.0635,-0.1535,May 29/a,60.79,-0.0171,9307578.0
MS,202530000000.0,0.0305,0.0113,0.1388,0.0333,1.48,,2.85,3.87,,0.1391,0.12869999999999998,Apr 11/b,126.24,-0.0002,1592186.0
MSFT,3363820000000.0,0.0073,0.18460000000000001,0.3361,0.2324,1.37,1.36,0.29,0.33,0.6907,0.4523,0.3579,Apr 30/a,452.58,-0.005,8821164.0
MSTR,103340000000.0,,-0.2121,-0.2968,-0.128,0.66,0.66,0.24,0.24,0.7095,-0.1447,-11.6304,May 01/a,377.96,-0.0538,13623111.0
MT,23140000000.0,0.0184,0.0146,0.026000000000000002,0.0231,1.35,0.59,0.18,0.23,0.09269999999999999,0.053,0.0215,May 02/b,30.11,0.0052,1051805.0
MTB,28890000000.0,0.030600000000000002,0.0124,0.09390000000000001,0.06309999999999999,0.45,,0.36,0.42,,0.2516,0.1885,Apr 14/b,179.96,-0.0036,589270.0
MTZ,12060000000.0,,0.024300000000000002,0.077,0.041299999999999996,1.22,1.18,0.79,0.91,0.0928,0.0379,0.0172,May 01/a,152.8,0.013500000000000002,309901.0
MU,104730000000.0,0.0052,0.0673,0.10099999999999999,0.0741,3.13,1.99,0.3,0.31,0.34840000000000004,0.1984,0.1492,Mar 20/a,93.71,-0.0118,10461793.0
MUFG,156090000000.0,0.0354,0.0045000000000000005,0.09179999999999999,0.0297,2.11,,2.0,4.63,,0.14730000000000001,0.15130000000000002,May 15/a,13.56,-0.006999999999999999,5746998.0
NBIX,11830000000.0,,0.08539999999999999,0.1243,0.1025,3.13,3.02,0.18,0.19,0.9777,0.2078,0.1268,May 05/a,119.55,0.0036,373271.0
NDAQ,47050000000.0,0.0128,0.042,0.1143,0.0613,,,0.81,0.85,0.5318,0.2664,0.1636,Apr 24/b,81.96,0.0092,1986660.0
NEE,138950000000.0,0.0335,0.0294,0.1119,0.0425,0.55,0.45,1.6,1.8,0.37070000000000003,0.2768,0.2229,Apr 23/b,67.5,0.0083,8486106.0
NEM,59630000000.0,0.0187,0.09029999999999999,0.16649999999999998,0.12960000000000002,1.98,1.56,0.25,0.26,0.38159999999999994,0.3446,0.25989999999999996,Apr 23/a,53.58,0.0176,5529692.0
NET,55010000000.0,,-0.025099999999999997,-0.0735,-0.0287,3.2,3.2,1.0,1.04,0.7686,-0.0862,-0.0462,May 08/a,158.7,0.0031,772925.0
NFLX,505960000000.0,,0.1837,0.40840000000000004,0.23170000000000002,1.2,1.2,0.67,0.73,0.46520000000000006,0.2717,0.2325,Apr 17/a,1188.89,0.0008,1285964.0
NI,18310000000.0,0.0292,0.0278,0.10339999999999999,0.039900000000000005,0.52,0.45,1.44,1.67,0.593,0.2766,0.1463,May 07/b,38.89,0.0102,679993.0
NKE,88660000000.0,0.0252,0.12,0.3193,0.1845,2.19,1.52,0.74,0.85,0.4338,0.0993,0.0941,Mar 20/a,60.07,-0.0204,7961436.0
NLY,11380000000.0,0.14880000000000002,0.0067,0.054400000000000004,0.013600000000000001,,,1.88,6.82,0.9959,0.8353,0.0803,Apr 30/a,18.82,0.0045000000000000005,3202832.0
NOC,67790000000.00001,0.0163,0.0771,0.2541,0.1197,0.94,0.82,1.07,1.11,0.1934,0.0959,0.0919,Apr 22/b,471.0,-0.004,301379.0
NOK,28010000000.0,0.0301,0.0302,0.057,0.0316,1.36,1.15,0.14,0.24,0.4337,0.0907,0.0394,Apr 24/b,5.36,-0.0009,8108905.0
NOW,209290000000.0,,0.0799,0.1686,0.12369999999999999,1.06,1.06,0.23,0.24,0.7892,0.1293,0.1341,Apr 23/a,1011.17,-0.0045000000000000005,519182.0
NRG,30890000000.0,0.011200000000000002,0.0541,0.44909999999999994,0.102,1.06,1.02,3.58,3.96,0.16570000000000001,0.08380000000000001,0.0444,May 12/b,157.99,0.0174,1100284.0
NSC,54100000000.0,0.0227,0.07719999999999999,0.2452,0.10640000000000001,0.78,0.7,1.15,1.19,0.3625,0.3625,0.2738,Apr 23/b,239.95,0.0013,350843.0
NTAP,20260000000.0,0.021099999999999997,0.12390000000000001,1.1433,0.4633,0.92,0.85,1.47,2.26,0.7029000000000001,0.21489999999999998,0.1747,May 29/a,98.18,-0.0161,1479969.0
NTES,75910000000.0,0.0217,0.16390000000000002,0.23929999999999998,0.2259,3.21,3.2,0.0,0.07,0.6271,0.3019,0.3016,May 15/b,119.39,0.0031,619186.0
NTNX,21350000000.0,,-0.0194,,-0.0876,1.66,1.66,,,0.8581,0.0297,-0.0239,May 28/a,80.05,0.0023,731100.0
NTR,29030000000.0,0.0365,0.009899999999999999,0.0215,0.0151,1.22,0.59,0.45,0.61,0.2847,0.1042,0.020499999999999997,May 07/a,59.41,0.0088,935035.0
NTRA,20970000000.0,,-0.1186,-0.1866,-0.1413,3.87,3.74,0.08,0.16,0.6179,-0.1241,-0.1036,May 08/a,153.55,0.006999999999999999,545643.0
NTRS,20590000000.0,0.028900000000000002,0.013600000000000001,0.1754,0.10869999999999999,1.94,,0.54,1.25,,0.1833,0.1388,Apr 22/b,105.86,-0.0051,401280.0
NU,57680000000.0,,0.043899999999999995,0.2791,0.2248,2.1,,0.11,0.26,,0.2782,0.1985,May 13/a,11.97,-0.0229,53362824.0
NUE,25390000000.0,0.02,0.0388,0.0654,0.049800000000000004,2.52,1.48,0.33,0.39,0.1065,0.0712,0.0438,Apr 28/a,110.05,-0.0058,763743.0
NVDA,3216480000000.0,0.0003,0.8220000000000001,1.1918,0.816,4.44,3.88,0.13,0.13,0.7498999999999999,0.6242,0.5585,May 28/a,131.89,-0.0070999999999999995,127036720.0
NVO,225360000000.0,0.0292,0.2637,0.8753,0.4425,0.74,0.56,0.7,0.86,0.8432999999999999,0.4511,0.3452,May 07/b,66.95,-0.0179,3746519.0
NVS,214070000000.0,0.0353,0.1324,0.3295,0.20879999999999999,0.79,0.61,0.61,0.81,0.7445999999999999,0.31629999999999997,0.2486,Apr 29/b,112.81,0.0028000000000000004,483651.0
NVT,10750000000.0,0.0121,0.0404,0.07629999999999999,0.10769999999999999,2.87,2.42,0.51,0.52,0.401,0.1783,0.1822,May 02/b,65.31,0.0075,492295.0
NWG,57820000000.0,0.0536,0.0068000000000000005,0.13699999999999998,0.057999999999999996,2.28,,1.33,1.45,,0.2242,0.163,May 02/b,14.34,0.0138,3176089.0
NWSA,16620000000.000002,0.0075,0.028900000000000002,0.0588,0.044199999999999996,1.68,1.6,0.34,0.36,0.46590000000000004,0.10039999999999999,0.0518,May 08/a,27.9,0.0089,1352365.0
NXPI,48880000000.0,0.022400000000000003,0.0974,0.2602,0.1208,2.08,1.47,1.1,1.26,0.5516,0.27649999999999997,0.1916,Apr 28/a,193.5,-0.015300000000000001,1610850.0
O,50000000000.0,0.0581,0.014199999999999999,0.025,0.0147,,,0.69,0.75,0.4797,0.4483,0.1787,May 05/a,55.37,0.0034000000000000002,1857256.0
OC,11410000000.0,0.0169,0.0472,0.1193,0.0248,1.44,0.93,1.1,1.23,0.2962,0.1856,0.022799999999999997,May 07/b,134.12,-0.0075,292058.0
ODFL,34250000000.0,0.0070999999999999995,0.2061,0.2659,0.2686,1.32,1.32,0.01,0.01,0.3276,0.2655,0.2004,Apr 23/b,162.07,-0.009300000000000001,379316.0
OHI,10420000000.0,0.0746,0.04650000000000001,0.10529999999999999,0.0473,,,0.94,0.94,0.7034,0.6292,0.39799999999999996,May 01/a,36.01,0.0003,552641.0
OKE,50740000000.0,0.051100000000000007,0.0558,0.1604,0.0593,0.67,0.52,1.39,1.5,0.2121,0.21050000000000002,0.12140000000000001,Apr 29/a,81.23,-0.0017000000000000001,868960.0
OKTA,21760000000.0,,0.003,0.0046,0.0040999999999999995,1.3,1.3,0.07,0.15,0.7631999999999999,-0.0241,0.010700000000000001,May 27/a,124.39,0.0038,910507.0
OMC,14240000000.0,0.0404,0.052300000000000006,0.365,0.1285,1.01,1.01,1.58,1.58,0.1744,0.1474,0.09210000000000002,Apr 15/a,72.96,-0.0023,1092384.0
ON,17250000000.0,,0.047400000000000005,0.0785,0.054400000000000004,4.95,3.32,0.45,0.45,0.39189999999999997,0.2021,0.0951,May 05/b,41.29,-0.0236,4597178.0
ONON,19120000000.0,,0.0971,0.15839999999999999,0.1193,2.8,2.18,0.19,0.27,0.6063000000000001,0.0987,0.0819,May 13/b,59.03,0.0036,2683393.0
ORCL,439450000000.0,0.0104,0.0815,1.0879,0.11599999999999999,1.02,1.02,5.27,5.75,0.6663,0.318,0.218,Mar 10/a,156.71,-0.0038,2929688.0
OTIS,38220000000.0,0.0172,0.1464,,0.7261,0.94,0.87,,,0.30219999999999997,0.1376,0.10830000000000001,Apr 23/b,96.83,-0.0036,832016.0
OWL,28230000000.0,0.0492,0.0086,0.0462,0.0155,1.63,1.63,1.54,1.54,0.8739,0.2569,0.0373,May 01/b,18.31,0.0042,2032495.0
OXY,40480000000.0,0.0232,0.0388,0.0943,0.040999999999999995,1.01,0.79,0.69,0.75,0.3613,0.22820000000000001,0.0867,May 07/a,41.13,0.0013,3515746.0
PAA,11750000000.0,0.09300000000000001,0.0346,0.0943,0.036000000000000004,1.01,0.94,0.88,0.93,0.039599999999999996,0.0319,0.013000000000000001,May 09/b,16.7,0.0051,643935.0
PAGP,13560000000.0,0.0837,0.0051,0.1009,0.0147,1.01,0.94,6.27,6.62,0.039599999999999996,0.0318,0.0029,May 09/b,17.84,0.0076,334471.0
PANW,124830000000.0,,0.062,0.2116,0.1634,0.85,0.85,0.05,0.1,0.7356,0.1165,0.13949999999999999,May 20/a,187.21,0.005699999999999999,2562939.0
PAYX,56250000000.0,0.0252,0.1435,0.4425,0.3506,1.39,1.39,0.21,0.21,0.7203,0.4183,0.31989999999999996,Mar 26/b,156.16,-0.0001,453816.0
PBA,21800000000.0,0.0541,0.056100000000000004,0.1155,0.0621,0.64,0.52,0.69,0.75,0.3861,0.3335,0.2236,May 08/a,37.53,0.0104,222632.0
PBR,43680000000.0,0.1241,0.040999999999999995,0.1125,0.0694,0.72,0.47,0.77,0.94,0.4637,0.3057,0.0956,May 12/a,11.74,-0.006,11637674.0
PBR-A,29160000000.0,0.12380000000000001,0.040999999999999995,0.1125,0.0694,0.72,0.47,0.77,0.94,0.4637,0.3057,0.0956,May 12/a,11.02,-0.0043,3133440.0
PCAR,49070000000.0,0.0381,0.0836,0.19899999999999998,0.10310000000000001,2.2,1.82,0.87,0.87,0.18289999999999998,0.1434,0.1073,Apr 29/b,93.47,-0.0091,874759.0
PCOR,10120000000.0,,-0.0669,-0.10779999999999999,-0.1027,1.19,1.19,0.05,0.06,0.7985,-0.127,-0.1073,May 01/a,67.88,0.003,296705.0
PDD,164840000000.0,,0.2641,0.4506,0.3602,2.21,2.21,0.01,0.03,0.6091,0.2752,0.2854,May 27/b,118.41,-0.0116,4045836.0
PEG,39340000000.0,0.0321,0.0339,0.114,0.0495,0.82,0.65,1.26,1.44,0.2348,0.2348,0.1691,Apr 30/b,78.84,0.019,989139.0
PEP,177130000000.0,0.0433,0.0929,0.5006,0.16210000000000002,0.83,0.65,2.14,2.64,0.5497,0.15439999999999998,0.1024,Apr 24/b,129.19,-0.0072,4829966.0
PFE,132740000000.00002,0.073,0.036699999999999997,0.0862,0.053200000000000004,1.26,0.96,0.64,0.69,0.6693000000000001,0.2753,0.1259,Apr 29/b,23.35,0.013300000000000001,16791541.0
PFG,17330000000.0,0.0397,0.0037,0.09699999999999999,0.0699,0.42,,0.39,0.39,,0.0819,0.0689,Apr 24/a,77.3,-0.0006,322627.0
PFGC,13240000000.0,,0.024700000000000003,0.09050000000000001,0.032,1.61,0.73,1.7,1.77,0.10550000000000001,0.0148,0.0060999999999999995,May 07/b,84.82,0.0134,513774.0
PG,388920000000.0,0.0242,0.1278,0.3029,0.19870000000000002,0.71,0.5,0.46,0.65,0.514,0.2339,0.1812,Apr 24/b,165.88,0.0052,2687642.0
PGR,162950000000.0,0.013999999999999999,0.0891,0.34340000000000004,0.24309999999999998,0.79,,0.24,0.24,,0.1438,0.111,May 06/b,277.96,0.003,658173.0
PHG,21040000000.0,0.042300000000000004,-0.0288,-0.0707,-0.0375,1.28,0.79,0.6,0.65,0.4313,0.0713,-0.038900000000000004,May 06/b,22.74,-0.014199999999999999,549447.0
PHM,19630000000.0,0.0086,0.174,0.2552,0.2101,4.97,0.45,0.14,0.18,0.28550000000000003,0.2096,0.16449999999999998,Apr 22/b,97.95,-0.0064,584641.0
PHYS,11950000000.0,,,,,,,,,,,,-,25.67,0.0213,2701989.0
PINS,21010000000.0,,0.42369999999999997,0.4841,0.3923,8.41,8.41,0.03,0.03,0.7957,0.0528,0.5041,May 08/a,31.05,-0.0222,4364046.0
PLD,99120000000.0,0.0388,0.0395,0.0701,0.044500000000000005,,,0.57,0.62,0.4432,0.40840000000000004,0.44520000000000004,Apr 16/b,104.28,-0.0077,1350261.0
PLTR,294950000000.0,,0.0989,0.1241,0.1015,6.49,6.49,0.04,0.05,0.8001,0.13019999999999998,0.1832,May 05/a,124.99,0.022000000000000002,42413730.0
PM,277310000000.0,0.0311,0.1162,,0.2717,0.79,0.43,,,0.6308,0.368,0.1984,Apr 23/b,178.16,0.0167,2121444.0
PNC,68120000000.00001,0.038,0.010700000000000001,0.1115,0.0564,0.14,,0.78,1.1,,0.1998,0.16920000000000002,Apr 15/b,172.21,-0.0045000000000000005,596418.0
PNR,15920000000.0,0.0102,0.096,0.1859,0.1164,1.89,1.22,0.53,0.54,0.39740000000000003,0.2274,0.15869999999999998,Apr 22/b,96.79,-0.0088,514249.0
PNW,10800000000.0,0.0401,0.0226,0.0908,0.0344,0.43,0.27,1.53,1.8,0.2207,0.1764,0.1128,May 01/b,90.49,0.0067,164636.0
PPC,11750000000.0,0.0424,0.1165,0.3653,0.1852,1.35,0.88,1.08,1.1,0.13720000000000002,0.10640000000000001,0.0672,Apr 30/a,49.56,0.0074,342356.0
PPG,24960000000.0,0.0253,0.0639,0.18469999999999998,0.1061,1.35,0.99,0.87,1.13,0.3871,0.13470000000000001,0.08199999999999999,Apr 29/a,109.95,-0.0113,439172.0
PPL,25600000000.0,0.031400000000000004,0.024399999999999998,0.07,0.032799999999999996,0.81,0.68,1.11,1.21,0.2656,0.21960000000000002,0.11449999999999999,Apr 30/b,34.62,0.0070999999999999995,2149097.0
PR,10150000000.0,0.0478,0.0729,0.1435,0.0889,0.86,0.86,0.41,0.44,0.3861,0.35090000000000005,0.2284,May 07/a,12.69,-0.0123,3071931.0
PRMB,12000000000.0,0.0126,-0.009300000000000001,-0.028300000000000002,-0.0095,1.07,0.87,1.66,1.71,0.3996,0.1026,-0.021099999999999997,May 08/b,31.87,0.0195,2640935.0
PRU,36140000000.0,0.0529,0.0031,0.08039999999999999,0.0446,2.47,,0.7,1.0,,0.0454,0.037599999999999995,Apr 30/a,102.08,-0.0023,846578.0
PSTG,18120000000.0,,0.027999999999999997,0.08289999999999999,0.0739,1.55,1.52,0.11,0.22,0.6984,0.0319,0.0337,May 28/a,55.4,-0.0116,1651787.0
PSX,46060000000.0,0.04190000000000001,0.024900000000000002,0.06480000000000001,0.040999999999999995,1.23,0.88,0.65,0.69,0.025699999999999997,0.0026,0.0134,Apr 25/b,113.06,0.0007000000000000001,996718.0
PWR,49610000000.0,0.0012,0.0537,0.1348,0.07730000000000001,1.31,1.26,0.61,0.64,0.1329,0.057300000000000004,0.0374,May 01/b,334.77,0.011899999999999999,531136.0
PYPL,67989999999.99999,,0.0552,0.222,0.1408,1.3,1.3,0.59,0.66,0.41240000000000004,0.18530000000000002,0.1429,Apr 29/b,69.91,-0.0216,4073666.0
QCOM,160250000000.0,0.0245,0.203,0.42210000000000003,0.26940000000000003,2.73,2.08,0.48,0.53,0.5568,0.2763,0.2611,Apr 30/a,145.95,-0.0097,4524118.0
QSR,22900000000.0,0.0356,0.039599999999999996,0.3129,0.051,0.96,0.9,4.98,5.11,0.4635,0.2728,0.1082,May 08/b,69.89,0.0066,698445.0
RBA,19970000000.0,0.0108,0.035,0.0774,0.038599999999999995,1.31,1.21,0.86,0.93,0.35810000000000003,0.1789,0.0874,May 07/a,107.81,-0.0067,585676.0
RBLX,56210000000.0,,-0.1278,-4.603,-0.4434,0.85,0.85,5.39,5.81,0.2754,-0.2648,-0.22940000000000002,May 01/b,82.87,0.013000000000000001,2569352.0
RBRK,17980000000.0,,-1.0057,,,1.04,1.03,,,0.7001999999999999,-1.2792000000000001,-1.3026,Jun 05/a,92.96,0.0203,1025960.0
RCI,14030000000.0,0.0554,0.0248,0.16649999999999998,0.0332,1.0,0.94,4.18,4.64,0.2432,0.2432,0.08529999999999999,Apr 23/b,26.08,0.0013,248562.0
RCL,65400000000.00001,0.011000000000000001,0.0894,0.4955,0.12210000000000001,0.18,0.15,2.34,2.53,0.38770000000000004,0.25989999999999996,0.1938,Apr 29/b,240.82,0.0102,683713.0
RDDT,18760000000.0,,0.0525,0.057699999999999994,0.052300000000000006,12.46,12.46,0.01,0.01,0.8973,0.0225,0.08070000000000001,May 01/a,101.69,0.034300000000000004,4111589.0
RDY,11930000000.0,0.0067,0.1281,0.18359999999999999,0.1671,1.92,1.37,0.02,0.14,0.5888,0.2073,0.1732,May 09/a,14.32,0.0032,357744.0
REG,12990000000.0,0.0398,0.0317,0.0583,0.0331,,,0.74,0.79,0.434,0.35960000000000003,0.26239999999999997,Apr 29/a,71.14,0.0008,463289.0
REGN,63810000000.0,0.0048,0.1251,0.15960000000000002,0.1402,4.93,4.03,0.09,0.09,0.8228,0.2811,0.3194,Apr 29/b,591.01,-0.0098,332530.0
RF,19140000000.0,0.0482,0.0128,0.1133,0.0802,0.19,,0.28,0.32,,0.2709,0.20309999999999997,Apr 17/b,21.3,-0.0034999999999999996,2951546.0
RIO,77270000000.0,0.0602,0.1114,0.20929999999999999,0.16760000000000003,1.63,1.13,0.24,0.25,0.2635,0.2635,0.21530000000000002,Feb 19/a,61.63,0.0083,3219863.0
RIVN,18120000000.0,,-0.2462,-0.5382,-0.3468,3.73,2.8,0.78,0.78,-0.151,-0.7711,-0.7683,May 06/a,15.81,-0.0066,13375758.0
RJF,29450000000.0,0.012,0.026600000000000002,0.1884,0.1394,,,0.28,0.34,0.8542000000000001,0.1894,0.13970000000000002,Apr 23/a,145.96,-0.0034999999999999996,232193.0
RKLB,11670000000.0,,-0.16949999999999998,-0.45380000000000004,-0.22940000000000002,2.08,1.72,1.09,1.14,0.24350000000000002,-0.44189999999999996,-0.4432,May 08/a,25.3,-0.020099999999999996,9970707.0
RKT,25470000000.0,0.0377,0.0001,0.0045000000000000005,0.0002,,,19.73,25.35,0.9765,0.131,0.0006,May 08/a,12.73,0.0131,3112795.0
RL,16980000000.0,0.0128,0.10890000000000001,0.2949,0.1611,1.78,1.33,0.78,1.03,0.6531999999999999,0.13849999999999998,0.10490000000000001,May 22/b,274.76,-0.0096,502476.0
RMD,35700000000.0,0.0091,0.1826,0.2581,0.2069,3.41,2.49,0.14,0.15,0.5787,0.321,0.2615,Apr 23/a,243.51,-0.008100000000000001,228835.0
ROK,34500000000.0,0.0169,0.0808,0.2586,0.1427,1.05,0.72,0.84,1.19,0.3908,0.1702,0.1133,May 07/b,306.08,-0.0007000000000000001,205588.0
ROKU,10060000000.0,,-0.0254,-0.0434,-0.0351,2.86,2.74,0.2,0.23,0.43229999999999996,-0.0404,-0.024900000000000002,May 01/a,68.61,-0.0166,1047768.0
ROL,27630000000.0,0.0118,0.1702,0.37829999999999997,0.2231,0.85,0.78,0.58,0.67,0.4938,0.19269999999999998,0.1378,Apr 23/a,57.02,0.0048,535555.0
ROST,45010000000.0,0.011899999999999999,0.1446,0.3957,0.2217,1.55,0.95,0.68,0.9,0.2778,0.12240000000000001,0.09789999999999999,May 22/a,136.87,-0.10099999999999999,13397655.0
RPRX,18290000000.0,0.0281,0.06480000000000001,0.16570000000000001,0.0821,1.56,1.56,0.99,1.14,,0.8391,0.4824,May 08/b,32.53,0.006999999999999999,979258.0
RSG,79060000000.0,0.009300000000000001,0.0646,0.18539999999999998,0.0843,0.66,0.64,1.12,1.16,0.3077,0.2034,0.1288,Apr 24/a,252.99,0.0079,352831.0
RTO,12000000000.0,0.0248,0.0286,0.07440000000000001,0.0444,0.81,0.72,0.67,0.97,0.127,0.127,0.056299999999999996,Mar 06/b,23.88,0.0231,315863.0
RTX,178000000000.0,0.0197,0.028300000000000002,0.0754,0.0454,1.01,0.75,0.65,0.7,0.1953,0.08810000000000001,0.056299999999999996,Apr 22/b,133.24,-0.0062,2068691.0
RVTY,10500000000.0,0.003,0.023,0.0382,0.0282,3.58,2.99,0.44,0.44,0.5261,0.1532,0.1118,Apr 28/b,89.06,-0.015700000000000002,366028.0
RY,181610000000.0,0.0336,0.0086,0.1439,0.094,0.62,,0.46,2.43,,0.1528,0.1281,May 29/b,128.57,0.016200000000000003,403128.0
RYAAY,29590000000.0,0.0175,0.0947,0.2241,0.1858,0.74,0.74,0.26,0.38,0.1775,0.11470000000000001,0.11789999999999999,May 19/b,55.7,0.0092,850303.0
RYAN,18080000000.0,0.0058,0.006,0.09230000000000001,0.0116,,,7.02,7.13,,0.2205,0.0189,May 01/a,68.89,0.0025,191308.0
SAN,119660000000.0,0.0355,0.0072,0.1325,0.024399999999999998,2.04,,4.27,4.27,,0.1458,0.0984,Apr 30/b,7.91,-0.0044,2088567.0
SAP,345090000000.0,0.0091,0.0766,0.1281,0.1085,1.17,1.17,0.15,0.22,0.736,0.261,0.1629,Apr 22/a,295.81,-0.0134,915372.0
SBAC,24650000000.0,0.019299999999999998,0.07980000000000001,,0.122,,,,,0.675,0.5796,0.3037,Apr 28/a,229.45,0.0052,142565.0
SBS,14050000000.0,0.025,0.1285,0.2857,0.16620000000000001,1.09,1.08,0.65,0.72,0.5351,0.4472,0.2703,May 12/a,20.56,0.0022,619522.0
SBUX,96280000000.0,0.028900000000000002,0.1026,,0.2134,0.64,0.45,,,0.188,0.11869999999999999,0.0862,Apr 29/a,84.72,0.0089,2966800.0
SCCO,74100000000.0,0.0336,0.1961,0.4193,0.2116,3.71,3.22,0.77,0.83,0.5045000000000001,0.4935,0.3,Apr 25/b,92.15,0.0192,506770.0
SCHW,158970000000.0,0.0124,0.0139,0.1412,0.0864,,,0.41,0.81,0.7757,0.4089,0.2299,Apr 17/b,87.49,0.0021,2009687.0
SCI,10910000000.0,0.0318,0.031200000000000002,0.3271,0.083,0.51,0.46,2.87,2.92,0.26280000000000003,0.22899999999999998,0.1258,Apr 30/a,76.63,0.0005,433940.0
SE,90250000000.0,,0.0405,0.11130000000000001,0.0754,1.51,1.49,0.29,0.46,0.44,0.048799999999999996,0.048600000000000004,May 13/b,165.14,0.0277,2324195.0
SFM,16120000000.000002,,0.12390000000000001,0.3574,0.1566,0.95,0.51,1.21,1.33,0.3679,0.0737,0.0553,Apr 30/a,164.68,0.018000000000000002,391250.0
SGI,13360000000.0,0.009399999999999999,0.0345,0.17920000000000003,0.029900000000000003,0.84,0.44,2.35,2.53,0.44270000000000004,0.1322,0.051399999999999994,May 08/b,64.06,-0.0019,824378.0
SHEL,196810000000.0,0.042800000000000005,0.0342,0.07400000000000001,0.0554,1.32,1.08,0.36,0.43,0.1696,0.1222,0.0479,May 02/b,66.0,0.0008,1592589.0
SHOP,133370000000.0,0.008100000000000001,0.13140000000000002,0.16149999999999998,0.1431,3.71,3.71,0.02,0.1,0.4987,0.1553,0.17170000000000002,May 08/b,102.8,-0.004699999999999999,3042812.0
SHW,88380000000.0,0.0088,0.1115,0.7021999999999999,0.1981,0.77,0.45,2.28,3.1,0.48719999999999997,0.16649999999999998,0.11630000000000001,Apr 29/b,352.68,-0.0007000000000000001,395356.0
SJM,11930000000.0,0.0383,-0.013300000000000001,-0.0355,-0.0192,0.6,0.27,0.94,1.16,0.3618,0.1837,-0.0292,Jun 10/b,112.12,0.0012,292719.0
SLB,45680000000.0,0.0339,0.08650000000000001,0.2082,0.13949999999999999,1.24,0.93,0.54,0.72,0.2026,0.1721,0.1161,Apr 25/b,33.58,-0.0049,5568076.0
SMCI,23750000000.0,,0.1231,0.21030000000000001,0.1348,6.66,3.95,0.4,0.42,0.1153,0.0636,0.056100000000000004,May 06/a,39.79,-0.0369,26268923.0
SMFG,97430000000.0,0.030899999999999997,0.0039000000000000003,0.07919999999999999,0.0286,2.24,,1.75,4.18,,0.1716,0.12359999999999999,May 14/a,15.09,0.01,956585.0
SMMT,19160000000.0,,-0.8589,-1.2393,-0.6933,10.63,10.63,0.01,0.02,,,,May 01/a,25.97,0.0078000000000000005,945468.0
SN,13340000000.0,,0.11779999999999999,0.2475,0.1537,1.97,1.17,0.43,0.46,0.47729999999999995,0.11560000000000001,0.0786,May 08/b,95.01,-0.0037,679814.0
SNAP,13870000000.0,,-0.0722,-0.2397,-0.0824,4.3,4.3,1.8,1.82,0.514,-0.11720000000000001,-0.09630000000000001,Apr 29/a,8.3,-0.015600000000000001,9563279.0
SNOW,67069999999.99999,,-0.18100000000000002,-0.40159999999999996,-0.27649999999999997,1.54,1.75,1.1,1.12,0.6516,-0.377,-0.3643,May 21/a,201.02,-0.010700000000000001,9413886.0
SNPS,77350000000.0,,0.11019999999999999,0.16269999999999998,0.2138,2.68,2.51,0.06,0.07,0.7670999999999999,0.2192,0.3478,May 28/a,500.28,-0.0064,247614.0
SNY,127230000000.0,0.044800000000000006,0.0429,0.07339999999999999,0.0639,1.08,0.73,0.17,0.23,0.6349,0.2314,0.1354,Apr 24/b,52.22,-0.005600000000000001,808522.0
SO,98180000000.0,0.0331,0.032,0.1401,0.047,0.86,0.64,1.9,2.07,0.316,0.259,0.1654,May 01/b,89.33,0.005600000000000001,1425859.0
SOFI,14500000000.0,,0.013999999999999999,0.0751,0.0481,,,0.47,0.47,0.5760000000000001,0.09449999999999999,0.1213,Apr 29/b,13.12,-0.0053,30027877.0
SOLV,12220000000.0,,0.0259,0.1063,0.0341,1.19,0.85,2.4,2.53,0.5545,0.1067,0.0455,May 08/a,70.65,-0.0277,628608.0
SONY,153880000000.0,0.0063,0.0325,0.1432,0.10949999999999999,0.7,0.57,0.25,0.51,0.34850000000000003,0.10880000000000001,0.0883,May 14/b,25.54,0.0083,2702525.0
SPG,59340000000.0,0.054000000000000006,0.0632,0.7322,0.08839999999999999,,,8.65,9.7,0.6092,0.5146999999999999,0.37060000000000004,May 12/a,157.33,-0.0039000000000000003,380690.0
SPGI,156780000000.0,0.0075,0.06570000000000001,0.1168,0.0873,0.9,0.9,0.36,0.36,0.6135,0.4103,0.2727,Apr 29/b,511.18,-0.0003,536802.0
SPOT,131590000000.0,,0.1066,0.24280000000000002,0.1732,1.48,1.48,0.07,0.34,0.30920000000000003,0.1051,0.0719,Apr 29/b,655.36,0.0292,1105626.0
SRE,50600000000.0,0.0332,0.0315,0.09759999999999999,0.045,0.57,0.51,1.05,1.19,0.2773,0.2238,0.2214,May 08/b,77.58,0.0108,972440.0
SSNC,19620000000.0,0.0123,0.0432,0.1234,0.0591,1.11,1.11,1.03,1.04,0.48710000000000003,0.23629999999999998,0.1369,Apr 24/a,79.54,0.008100000000000001,375581.0
STLA,28580000000.0,0.0579,0.027000000000000003,0.0677,0.0535,1.09,0.81,0.31,0.46,0.1307,0.0346,0.0349,Apr 30/b,9.98,-0.0362,10513377.0
STLD,19100000000.0,0.0155,0.0756,0.1308,0.0929,2.74,1.38,0.43,0.48,0.13119999999999998,0.0852,0.068,Apr 22/a,128.68,-0.009300000000000001,888163.0
STM,21710000000.0,0.0137,0.0441,0.0633,0.056100000000000004,3.05,2.24,0.11,0.16,0.37479999999999997,0.0783,0.0894,Apr 24/b,24.51,-0.026600000000000002,4096531.0
STT,27440000000.0,0.0325,0.008100000000000001,0.1121,0.051699999999999996,3.8,,0.93,1.51,,0.17010000000000003,0.1249,Apr 17/b,96.21,-0.0016,457026.0
STX,23670000000.0,0.0254,0.20379999999999998,,0.3461,1.36,0.75,,,0.3379,0.19260000000000002,0.17489999999999997,Apr 29/a,111.54,0.024700000000000003,3096593.0
STZ,32930000000.0,0.0225,-0.0034000000000000002,-0.0098,-0.0049,0.92,0.56,1.43,1.76,0.5096,0.3552,-0.008,Apr 09/a,184.96,0.0011,595272.0
SU,44230000000.0,0.0462,0.0684,0.1374,0.10890000000000001,1.39,0.84,0.29,0.33,0.3895,0.1787,0.12050000000000001,May 06/a,35.75,0.0109,1873875.0
SUZ,11580000000.0,0.035,-0.0076,-0.027200000000000002,-0.0092,2.61,1.95,2.44,2.53,0.3946,0.31670000000000004,-0.0241,May 08/a,9.35,-0.0059,676484.0
SW,22830000000.0,0.0382,0.0175,0.0425,0.0166,1.43,0.93,0.72,0.8,0.1959,0.064,0.019799999999999998,May 01/b,43.88,-0.013500000000000002,835890.0
SWK,10180000000.0,0.04769999999999999,0.0154,0.0403,0.0263,1.1,0.36,0.54,0.76,0.3006,0.0864,0.023399999999999997,Apr 30/b,65.8,-0.008100000000000001,1050567.0
SWKS,10510000000.0,0.0404,0.0509,0.067,0.057800000000000004,4.95,3.84,0.2,0.2,0.41159999999999997,0.1578,0.1043,May 07/a,70.0,-0.0051,1683780.0
SYF,21630000000.0,0.02,0.024399999999999998,0.18600000000000003,0.0875,,,0.99,1.03,0.7927,0.2373,0.147,Apr 22/b,56.82,-0.011200000000000002,1120231.0
SYK,144650000000.0,0.0085,0.0669,0.1426,0.08,1.64,1.0,0.71,0.83,0.6173,0.22190000000000001,0.1231,May 01/a,378.49,0.0006,773468.0
SYM,17300000000.0,,-0.004,-0.0352,-0.030899999999999997,1.01,0.91,0.12,0.14,0.16870000000000002,-0.029900000000000003,-0.0034000000000000002,May 07/a,29.34,-0.0031,672378.0
SYY,34690000000.0,0.0287,0.0748,0.9490999999999999,0.1259,1.26,0.76,6.89,7.6,0.18230000000000002,0.042300000000000004,0.0236,Apr 29/b,71.56,-0.0059,1295463.0
T,197520000000.0,0.0405,0.0298,0.11380000000000001,0.0493,0.59,0.54,1.3,1.38,0.4304,0.1997,0.0955,Apr 23/b,27.45,0.008100000000000001,14666879.0
TAK,45710000000.0,0.0472,0.0073,0.015,0.0097,1.01,0.52,0.57,0.65,0.5176,0.11699999999999999,0.0235,May 08/a,14.52,0.008,691973.0
TAP,10960000000.0,0.0345,0.0398,0.079,0.0533,0.89,0.59,0.48,0.49,0.3689,0.1474,0.09140000000000001,May 08/b,54.19,-0.0022,1026895.0
TCOM,40640000000.0,0.0031,0.0718,0.1249,0.10300000000000001,1.46,1.46,0.14,0.29,0.8106,0.2613,0.3086,May 19/a,62.21,0.018799999999999997,1942590.0
TD,118910000000.0,0.0446,0.0084,0.1427,0.087,0.6,,0.5,2.07,,0.1545,0.12990000000000002,May 22/b,67.89,0.013999999999999999,1183872.0
TEAM,54370000000.0,,-0.0785,-0.3433,-0.16820000000000002,1.25,1.25,0.87,0.9,0.8183,-0.0322,-0.0866,May 01/a,206.53,-0.0088,1052947.0
TECK,18100000000.0,0.0102,0.0066,0.0132,0.0097,3.36,2.57,0.36,0.38,0.2054,0.16879999999999998,0.0279,Apr 24/b,36.35,0.024700000000000003,1331204.0
TEL,46920000000.0,0.0172,0.059800000000000006,0.1133,0.0906,1.51,1.08,0.27,0.46,0.3496,0.1924,0.0867,Apr 23/b,158.22,-0.0043,618021.0
TEM,10590000000.0,,-0.7047,,-0.6141,1.71,1.56,2.6,2.63,0.5542,-0.8717,-0.8979,May 06/a,61.2,0.0329,7014559.0
TER,12370000000.0,0.006500000000000001,0.16219999999999998,0.2155,0.2026,2.7,1.61,0.02,0.02,0.5913,0.2101,0.19870000000000002,Apr 28/a,77.12,-0.0175,825028.0
TEVA,19350000000.0,,-0.0317,-0.1898,-0.0565,1.03,0.74,2.64,2.71,0.4901,0.204,-0.0776,May 07/b,16.89,-0.0032,3355209.0
TFC,51460000000.0,0.0536,0.0001,0.001,0.0463,0.48,,0.52,0.88,,-0.0134,0.1881,Apr 17/b,39.29,-0.0049,2838657.0
TGT,43020000000.0,0.047,0.07519999999999999,0.2908,0.1274,0.94,0.25,1.2,1.27,0.257,0.054900000000000004,0.0395,May 21/b,94.69,-0.0039000000000000003,4340640.0
THC,15200000000.0,,0.05,0.3812,0.0843,1.78,1.7,3.13,3.15,0.1487,0.1487,0.0709,Apr 29/b,163.66,0.0144,560372.0
TJX,141640000000.0,0.0132,0.157,0.6036,0.2427,1.16,0.51,1.34,1.54,0.3043,0.1092,0.08470000000000001,May 21/b,126.86,-0.021,4248973.0
TKO,31300000000.0,0.0102,0.0124,0.04190000000000001,0.024,1.13,1.12,0.72,0.74,0.52,0.2523,0.0499,May 08/a,158.16,0.0124,623654.0
TLN,11100000000.0,,0.0867,0.2932,0.1369,1.62,1.2,2.52,2.54,0.635,0.3906,0.1778,May 08/b,243.97,0.022400000000000003,216389.0
TME,12190000000.0,0.0063,0.1074,0.1437,0.12380000000000001,1.83,1.83,0.05,0.08,0.431,0.2695,0.3275,May 13/b,17.42,0.0288,3917525.0
TMO,148590000000.0,0.0042,0.0664,0.1373,0.08070000000000001,1.77,1.38,0.64,0.69,0.4056,0.1814,0.1519,Apr 23/b,393.61,-0.0172,1327221.0
TMUS,275270000000.0,0.0144,0.056600000000000004,0.1935,0.0704,1.16,1.08,1.77,1.98,0.4844,0.226,0.1441,Apr 24/a,242.44,0.0067,1900921.0
TOL,10340000000.0,0.009300000000000001,0.10060000000000001,0.1809,0.1284,4.01,0.24,0.35,0.35,0.26649999999999996,0.1685,0.1295,May 20/a,103.96,-0.0017000000000000001,817327.0
TOST,24710000000.0,,0.0689,0.1106,0.09380000000000001,2.42,2.29,0.01,0.01,0.2459,0.0245,0.0304,May 08/a,42.71,0.0007000000000000001,2111969.0
TPG,17410000000.0,0.039,0.0002,0.0024,0.0006,,,2.51,2.55,0.9639,0.0282,0.0005,May 07/b,47.1,0.0024,807579.0
TPR,16030000000.000002,0.018000000000000002,0.0817,0.40270000000000006,0.17190000000000003,1.76,1.22,2.35,2.75,0.7117,0.20370000000000002,0.125,May 08/b,77.17,-0.023,1598345.0
TRGP,34780000000.0,0.025,0.0548,0.4637,0.0664,0.65,0.57,6.34,6.61,0.2066,0.1839,0.0708,May 01/b,160.34,0.0078000000000000005,640831.0
TRMB,16860000000.0,,0.16620000000000001,0.31,0.2223,0.84,0.72,0.26,0.26,0.6325999999999999,0.1465,0.424,May 07/b,70.68,-0.0016,356483.0
TROW,20560000000.0,0.054299999999999994,0.1463,0.19469999999999998,0.18,,,0.05,0.05,0.807,0.3379,0.2764,May 02/b,93.31,-0.012199999999999999,440487.0
TRP,52250000000.0,0.048799999999999996,0.037000000000000005,0.1589,0.0529,0.7,0.63,2.09,2.24,0.47369999999999995,0.4155,0.2827,May 01/b,50.27,0.0154,489603.0
TRU,16329999999.999998,0.005600000000000001,0.0334,0.0868,0.0387,2.05,2.05,1.16,1.18,0.4704,0.2034,0.0863,Apr 24/b,83.69,-0.009300000000000001,952938.0
TRV,61360000000.0,0.0161,0.035,0.1605,0.1173,0.33,,0.28,0.28,,0.1206,0.0902,Apr 16/b,270.8,-0.001,325964.0
TS,17730000000.0,0.050300000000000004,0.0857,0.1045,0.10460000000000001,4.08,2.53,0.01,0.03,0.3332,0.1913,0.1505,Apr 30/a,32.54,0.0048,474346.0
TSCO,26470000000.0,0.018500000000000003,0.10859999999999999,0.4962,0.1425,1.41,0.17,2.39,2.57,0.3322,0.09720000000000001,0.0724,Apr 24/b,49.92,0.0051,1705910.0
TSLA,1102450000000.0,,0.054299999999999994,0.0916,0.07519999999999999,2.0,1.54,0.13,0.18,0.1766,0.07400000000000001,0.0665,Apr 22/a,342.74,0.005,61344076.0
TSM,997230000000.0,0.0144,0.20370000000000002,0.3211,0.2398,2.39,2.18,0.22,0.24,0.5602,0.4719,0.4168,Apr 17/a,192.3,-0.019799999999999998,6099386.0
TSN,19240000000.0,0.0359,0.0248,0.0501,0.0344,1.67,0.69,0.44,0.49,0.0684,0.0316,0.017,May 05/b,55.09,-0.006999999999999999,1195266.0
TT,94750000000.0,0.0087,0.1401,0.3845,0.2398,1.09,0.74,0.52,0.64,0.3593,0.1815,0.13470000000000001,Apr 30/b,424.86,0.0014000000000000002,307790.0
TTD,36460000000.0,,0.0795,0.16879999999999998,0.1383,1.81,1.81,0.1,0.12,0.8011,0.17629999999999998,0.1604,May 08/a,74.18,-0.002,2598934.0
TTE,128620000000.0,0.0634,0.0484,0.1175,0.0848,1.07,0.86,0.39,0.5,0.12560000000000002,0.12560000000000002,0.0725,Apr 30/b,57.92,-0.0040999999999999995,784621.0
TTWO,40010000000.0,,-0.41859999999999997,-1.1476,-0.8898,0.78,0.78,1.35,1.92,0.5108,-0.1175,-0.795,May 15/a,225.48,-0.0023,899078.0
TU,24350000000.0,0.0739,0.0206,0.0751,0.0302,0.64,0.59,1.6,1.93,0.153,0.153,0.0584,May 09/b,16.08,0.005600000000000001,795024.0
TW,34490000000.0,0.0033,0.0709,0.09140000000000001,0.0876,4.81,4.81,0.01,0.01,0.8723000000000001,0.4225,0.2865,Apr 30/b,145.89,0.0125,323948.0
TWLO,17400000000.0,,-0.0032,-0.0039000000000000003,-0.0038,4.78,4.78,0.13,0.14,0.4949,0.0060999999999999995,-0.0074,May 01/a,113.98,-0.016399999999999998,768219.0
TXN,160120000000.0,0.0311,0.1413,0.2904,0.16570000000000001,5.26,3.37,0.78,0.78,0.5802,0.3429,0.30210000000000004,Apr 23/a,176.25,-0.022000000000000002,3883474.0
TXRH,12590000000.0,0.0141,0.1442,0.33549999999999996,0.1923,0.47,0.41,0.64,0.66,0.1405,0.0993,0.0789,May 08/a,189.76,0.0055000000000000005,249031.0
TXT,13180000000.0,0.0011,0.049800000000000004,0.11699999999999999,0.0757,1.66,0.69,0.51,0.56,0.1885,0.0616,0.059800000000000006,Apr 24/b,72.99,-0.0067,282050.0
UAL,24360000000.0,,0.0495,0.3357,0.0876,0.78,0.72,2.31,2.61,0.2958,0.09699999999999999,0.0634,Apr 15/a,74.58,-0.0187,2447030.0
UBER,184130000000.0,,0.2659,0.7439,0.38670000000000004,1.02,1.02,0.45,0.51,0.3207,0.09970000000000001,0.2707,May 07/b,88.05,0.0006,10259167.0
UBS,97630000000.0,0.031,0.0032,0.0583,0.0121,3.36,,3.76,4.28,,0.0732,0.0599,Apr 30/b,31.83,-0.009000000000000001,1159196.0
UDR,13060000000.0,0.043899999999999995,0.011200000000000002,0.034,0.013000000000000001,,,1.72,1.85,0.2245,0.1734,0.0704,Apr 30/a,39.42,-0.0168,1150648.0
UL,159060000000.0,0.0327,0.075,0.3053,0.135,0.76,0.56,1.22,1.53,,0.184,0.09449999999999999,Feb 13/b,63.66,0.0055000000000000005,806212.0
UMC,19710000000.0,0.050499999999999996,0.0785,0.1165,0.10339999999999999,2.63,2.14,0.13,0.18,0.3004,0.2059,0.1893,Apr 23/a,7.85,-0.0273,5533810.0
UNH,266339999999.99997,0.0296,0.07440000000000001,0.2433,0.1329,0.85,,0.75,0.86,,0.0816,0.053899999999999997,Apr 17/b,293.6,-0.0103,11572900.0
UNM,13920000000.0,0.0222,0.0291,0.14679999999999999,0.10710000000000001,,,0.31,0.33,,0.1795,0.1231,Apr 29/a,79.86,0.0028000000000000004,311755.0
UNP,132919999999.99998,0.0242,0.0992,0.42469999999999997,0.142,0.73,0.61,1.96,2.11,0.4539,0.39909999999999995,0.2777,Apr 24/b,222.47,-0.0018,1073963.0
UPS,81000000000.0,0.06849999999999999,0.0861,0.35960000000000003,0.1514,1.09,1.09,1.47,1.63,0.1815,0.0962,0.0646,Apr 29/b,95.66,-0.013500000000000002,1444757.0
USB,66950000000.0,0.0472,0.0098,0.115,0.0525,0.58,,1.0,1.28,,0.19920000000000002,0.15,Apr 16/b,42.97,-0.0034999999999999996,2592732.0
USFD,17640000000.0,,0.039,0.1116,0.056600000000000004,1.17,0.74,1.02,1.09,0.17379999999999998,0.0339,0.0138,May 08/b,76.24,0.0046,770357.0
V,687840000000.0,0.0068000000000000005,0.2121,0.5003,0.35810000000000003,1.08,1.08,0.44,0.55,0.7709999999999999,0.6739,0.5221,Apr 29/a,354.71,-0.0091,2403859.0
VALE,40960000000.0,0.08560000000000001,0.0663,0.1598,0.11449999999999999,1.11,0.74,0.44,0.46,0.3531,0.2828,0.15380000000000002,Apr 24/b,9.6,0.0016,19238142.0
VEEV,37980000000.0,,0.10779999999999999,0.1363,0.1211,4.51,4.51,0.01,0.01,0.7453,0.25170000000000003,0.26,May 28/a,233.09,-0.0104,385893.0
VG,27760000000.0,0.0037,,,,1.73,1.67,4.64,4.68,,,,May 13/b,11.47,0.0446,3520633.0
VICI,33159999999.999996,0.0559,0.0587,0.1012,0.061200000000000004,,,0.62,0.67,0.9921,0.9003,0.6781,Apr 30/a,31.38,0.005699999999999999,2145142.0
VIK,19450000000.0,,0.054299999999999994,,0.1108,0.63,0.61,,,0.3712,0.2065,0.096,May 20/b,43.92,0.0175,1276442.0
VLO,40300000000.0,0.035,0.0152,0.0373,0.0273,1.56,1.09,0.44,0.46,0.025699999999999997,0.0181,0.0072,Apr 24/b,128.68,-0.0003,1034144.0
VLTO,24950000000.0,0.0037,0.14150000000000001,0.4619,0.1772,2.19,1.92,1.14,1.14,0.5937,0.2343,0.1656,Apr 29/a,100.66,-0.0032,328600.0
VMC,35580000000.0,0.0072,0.0617,0.121,0.069,2.42,1.51,0.67,0.68,0.27440000000000003,0.2048,0.125,Apr 30/b,269.37,-0.0085,326097.0
VOD,25870000000.0,0.049800000000000004,-0.0296,-0.0717,-0.041100000000000005,1.26,1.23,0.87,1.01,0.3343,0.1082,-0.1092,May 20/b,10.44,-0.01,20084000.0
VRT,39930000000.0,0.0013,0.0782,0.3282,0.11599999999999999,1.72,1.28,1.15,1.18,0.34119999999999995,0.1739,0.07919999999999999,Apr 23/b,104.76,0.0054,2453918.0
VRTX,111690000000.0,,-0.042300000000000004,-0.0564,-0.0545,2.65,2.29,0.1,0.1,0.8595999999999999,-0.029900000000000003,-0.0895,May 05/a,434.92,0.002,581926.0
VST,53820000000.0,0.0060999999999999995,0.0635,0.4629,0.10869999999999999,0.86,0.77,3.26,3.67,0.41840000000000005,0.34850000000000003,0.1027,May 07/b,158.61,0.025099999999999997,4215784.0
VTR,86740000000.0,0.0301,0.005600000000000001,0.013600000000000001,0.006,,,1.07,1.13,0.1942,0.151,0.027999999999999997,Apr 30/a,64.07,0.0067,604583.0
VZ,182900000000.0,0.06309999999999999,0.046799999999999994,0.18230000000000002,0.0738,0.56,0.53,1.39,1.67,0.4656,0.2296,0.13140000000000002,Apr 22/b,43.38,0.0058,5990330.0
WAB,34229999999.999996,0.0044,0.058499999999999996,0.10619999999999999,0.0783,1.34,0.73,0.36,0.42,0.3018,0.16210000000000002,0.10529999999999999,Apr 23/b,200.0,-0.0009,195189.0
WBD,22250000000.0,,-0.0975,-0.27690000000000003,-0.1577,0.84,0.84,1.02,1.11,0.2501,0.0147,-0.2818,May 08/b,8.99,-0.0028000000000000004,14694111.0
WCN,50750000000.0,0.006500000000000001,0.032,0.0796,0.0377,0.7,0.7,1.08,1.09,0.289,0.1251,0.0693,Apr 23/a,196.41,0.0077,368128.0
WDAY,64410000000.0,,0.0294,0.057,0.039900000000000005,2.01,1.85,0.37,0.38,0.7558,0.0706,0.056100000000000004,May 22/a,240.67,-0.11539999999999999,7081324.0
WDC,17500000000.0,0.002,0.10830000000000001,0.2845,0.1795,1.56,1.31,1.01,1.49,0.40090000000000003,0.22,0.1297,Apr 30/b,50.15,0.0063,2067868.0
WDS,26440000000.0,0.0559,0.061200000000000004,0.1023,0.0779,1.29,1.17,0.29,0.33,0.40270000000000006,0.3709,0.2556,Feb 24/a,13.95,0.0128,215326.0
WEC,33950000000.000004,0.0335,0.0354,0.12960000000000002,0.0552,0.5,0.4,1.27,1.58,0.2879,0.2582,0.1796,May 06/b,106.38,0.0084,740186.0
WELL,97550000000.0,0.0187,0.022099999999999998,0.0352,0.0118,,,0.46,0.5,0.1888,0.1629,0.0683,Apr 28/a,149.17,0.0155,1122300.0
WES,14870000000.0,0.09359999999999999,0.1035,0.3979,0.1264,1.18,1.17,2.17,2.3,0.5205,0.4278,0.35200000000000004,May 07/a,39.01,0.008100000000000001,487582.0
WFC,237730000000.0,0.0232,0.0102,0.1105,0.054400000000000004,0.48,,0.92,1.75,,0.192,0.1521,Apr 11/b,73.06,-0.0046,4156052.0
WIT,29980000000.0,0.0347,0.1075,0.1691,0.1496,2.71,2.7,0.11,0.24,0.3065,0.171,0.14730000000000001,Apr 16/a,2.87,0.0053,2071329.0
WM,95260000000.0,0.0138,0.0693,0.34009999999999996,0.0848,0.83,0.79,2.65,2.76,0.2889,0.1816,0.1167,Apr 28/a,236.73,0.0146,686872.0
WMB,71800000000.0,0.0341,0.0424,0.1832,0.0623,0.4,0.36,1.93,2.2,0.392,0.3015,0.20679999999999998,May 05/a,58.8,0.0182,2953837.0
WMG,13710000000.0,0.0276,0.0487,0.892,0.08789999999999999,0.66,0.64,7.95,8.03,0.4146,0.16620000000000001,0.0704,May 08/b,26.31,0.009000000000000001,516211.0
WMT,769410000000.0,0.0097,0.0729,0.228,0.1354,0.78,0.22,0.66,0.8,0.2488,0.0433,0.0275,May 15/b,96.17,0.0025,7119414.0
WPC,13340000000.0,0.058600000000000006,0.0245,0.050199999999999995,0.0264,,,0.94,0.95,0.5775,0.43310000000000004,0.2666,Apr 29/a,60.92,0.0115,542697.0
WPM,39450000000.0,0.0077,0.083,0.0851,0.0828,11.38,11.38,0.0,0.0,0.6506000000000001,0.5981000000000001,0.42450000000000004,May 08/a,86.95,0.028300000000000002,811007.0
WRB,27720000000.0,0.0105,0.049100000000000005,0.2073,0.145,0.4,,0.34,0.34,,0.1677,0.1243,Apr 21/a,73.07,0.012199999999999999,515160.0
WSM,19500000000.0,0.016399999999999998,0.2165,0.511,0.3383,1.51,0.73,0.53,0.63,0.46259999999999996,0.1841,0.1435,May 22/b,158.63,-0.0109,998046.0
WTRG,10840000000.0,0.0346,0.0347,0.0978,0.0438,0.65,0.57,1.17,1.2,0.42450000000000004,0.3835,0.2717,May 12/b,38.69,0.0032,404399.0
WY,18240000000.0,0.0301,0.0219,0.0371,0.024900000000000002,,,0.52,0.54,0.2531,0.09960000000000001,0.051500000000000004,Apr 24/a,25.15,-0.0040999999999999995,1121264.0
X,10580000000.0,0.0043,0.0048,0.0086,0.0063,1.45,0.75,0.36,0.38,0.0223,-0.01,0.0064,May 01/a,46.74,0.0895,9702037.0
XEL,40030000000.0,0.0331,0.0279,0.1026,0.038599999999999995,0.8,0.7,1.53,1.63,0.2229,0.1775,0.1406,Apr 24/b,69.4,0.0027,1296404.0
XOM,444060000000.0,0.0388,0.08,0.1418,0.11220000000000001,1.24,0.9,0.12,0.14,0.222,0.11599999999999999,0.09759999999999999,May 02/b,103.04,0.0007000000000000001,5471342.0
XPEV,15540000000.0,,-0.060599999999999994,-0.1552,-0.1222,1.21,1.07,0.36,0.58,0.14880000000000002,-0.1408,-0.1017,May 21/b,20.02,-0.023399999999999997,5990463.0
XPO,13870000000.0,,0.0504,0.26239999999999997,0.0702,1.02,1.02,2.39,2.51,0.11289999999999999,0.0867,0.0487,Apr 30/b,117.76,-0.0086,442506.0
XYL,30260000000.0,0.011200000000000002,0.0558,0.0862,0.0708,1.89,1.41,0.18,0.2,0.37520000000000003,0.1281,0.1054,Apr 29/b,124.33,-0.0075,381410.0
XYZ,36120000000.0,,0.0726,0.1293,0.09519999999999999,2.27,2.26,0.28,0.28,0.3735,0.0839,0.1092,May 01/a,58.72,0.0064,4795589.0
YMM,10420000000.0,0.013000000000000001,0.0919,0.10300000000000001,0.0986,7.66,7.66,0.0,0.0,0.5912,0.2833,0.32159999999999994,May 21/b,11.1,-0.004,4787799.0
YPF,14350000000.0,,0.0592,0.15539999999999998,0.08529999999999999,0.79,0.59,0.68,0.88,0.2522,0.0755,0.0849,May 08/b,36.5,0.0106,442246.0
YUM,40510000000.0,0.0195,0.2212,,0.3245,1.4,1.4,,,0.46799999999999997,0.31120000000000003,0.18420000000000003,Apr 30/b,145.75,0.0017000000000000001,351715.0
YUMC,15990000000.0,0.0204,0.08220000000000001,0.1573,0.1204,1.26,1.11,0.32,0.41,0.16940000000000002,0.1195,0.0809,Apr 30/b,42.82,0.0070999999999999995,1671927.0
Z,15910000000.0,,-0.0129,-0.0172,-0.0168,2.46,2.46,0.02,0.14,0.7644,-0.0694,-0.0351,May 07/a,66.08,0.016200000000000003,1029432.0
ZBH,18260000000.0,0.0097,0.04190000000000001,0.0731,0.0481,2.44,1.46,0.53,0.58,0.6231,0.18719999999999998,0.1186,May 05/b,92.29,0.0068000000000000005,751549.0
ZM,24630000000.0,,0.0987,0.1219,0.1173,4.48,4.46,0.0,0.0,0.7585,0.1813,0.2231,May 21/a,80.75,-0.0161,1692655.0
ZS,39490000000.0,,-0.0034999999999999996,-0.0121,-0.009399999999999999,1.15,1.15,0.03,0.77,0.7768,-0.0409,-0.0064,May 29/a,255.21,0.0095,1202990.0
ZTO,10100000000.0,0.040999999999999995,0.10289999999999999,0.1568,0.1506,1.05,1.02,0.01,0.27,0.2966,0.24059999999999998,0.2076,May 20/a,17.01,0.0059,1145534.0
ZTS,72090000000.0,0.0123,0.177,0.5185,0.2504,1.74,1.04,1.16,1.45,0.6948000000000001,0.3701,0.2712,May 06/b,161.92,-0.0003,1250660.0
