Ticker,Beta,ATR,SMA20,SMA50,SMA200,52W High,52W Low,RSI,Price,Change,Change from Open,Gap,Volume
A,1.23,3.51,-0.0148,-0.022099999999999998,-0.1757,-0.2968,0.1219,45.95,108.19,-0.013600000000000001,0.38%,-0.0173,661233.0
AAPL,1.23,6.33,-0.0466,-0.049699999999999994,-0.1315,-0.24559999999999998,0.1597,39.44,196.23,-0.0255,1.32%,-0.0382,49176200.0
ABBV,0.5,5.48,-0.021099999999999997,-0.0366,-0.028999999999999998,-0.15960000000000002,0.19649999999999998,46.97,183.75,0.0066,0.76%,-0.0009,1925106.0
ABEV,0.82,0.06,0.0001,0.0449,0.1467,-0.0455,0.429,58.31,2.52,0.002,2.24%,-0.0199,16520833.0
ABNB,1.15,4.27,-0.0158,0.0304,-0.0181,-0.226,0.2703,48.75,126.88,-0.0060999999999999995,1.43%,-0.020099999999999996,2353910.0
ABT,0.73,2.74,-0.0075,0.0111,0.0812,-0.0704,0.31670000000000004,48.75,131.29,-0.0016,-0.30%,0.0014000000000000002,2606687.0
ACGL,0.53,2.12,-0.0067,-0.006,-0.0418,-0.1671,0.1182,48.03,92.24,0.0029,0.60%,-0.003,360269.0
ACI,0.45,0.49,0.0052,0.015700000000000002,0.09960000000000001,-0.047400000000000005,0.30010000000000003,52.91,22.1,0.0124,0.92%,0.0032,1039549.0
ACM,0.96,2.1,0.0291,0.096,0.045899999999999996,-0.09269999999999999,0.30820000000000003,67.15,107.57,0.0019,1.03%,-0.0084,160479.0
ACN,1.34,7.08,-0.0005,0.0223,-0.09179999999999999,-0.2194,0.1306,50.42,310.94,-0.0174,-0.06%,-0.0169,1513359.0
ADBE,1.55,9.04,0.0398,0.0783,-0.1142,-0.3032,0.2335,63.96,409.53,-0.0116,0.10%,-0.0126,991836.0
ADI,1.0,7.15,0.0014000000000000002,0.0547,-0.0232,-0.14859999999999998,0.326,51.76,210.37,-0.0074,0.67%,-0.0139,2347202.0
ADM,0.66,1.29,-0.016399999999999998,0.0076,-0.08439999999999999,-0.27649999999999997,0.16670000000000001,46.76,47.81,-0.0031,0.44%,-0.0075,677422.0
ADP,0.79,5.31,0.036699999999999997,0.0647,0.0915,-0.008199999999999999,0.38799999999999996,68.72,321.01,-0.002,0.61%,-0.008,394546.0
ADSK,1.46,6.67,0.0215,0.0791,0.0452,-0.1018,0.5019,62.14,293.36,-0.005600000000000001,-0.35%,-0.0021,1827523.0
AEE,0.5,1.91,-0.0166,-0.0218,0.044500000000000005,-0.07719999999999999,0.3843,44.46,96.06,0.0069,-0.21%,0.009000000000000001,426202.0
AEG,0.92,0.15,0.0322,0.0725,0.1027,-0.0176,0.2851,65.01,6.97,-0.0007000000000000001,2.28%,-0.023,10640698.0
AEM,0.49,3.82,0.0449,0.059699999999999996,0.28550000000000003,-0.06860000000000001,0.8736,58.35,118.05,0.0302,0.71%,0.023,2089634.0
AEP,0.41,2.08,-0.0191,-0.025699999999999997,0.0207,-0.0722,0.1928,44.47,102.5,0.0069,-0.14%,0.0083,656621.0
AER,1.39,2.39,0.0259,0.091,0.15130000000000002,-0.0152,0.37060000000000004,67.29,112.68,0.0052,2.16%,-0.0161,385284.0
AFL,0.82,2.14,-0.0274,-0.0391,-0.0418,-0.1101,0.1888,39.78,102.79,0.0033,0.77%,-0.0044,628858.0
AFRM,3.6,3.48,-0.029300000000000003,0.0507,-0.034300000000000004,-0.3986,1.2306,49.75,49.63,0.013500000000000002,5.01%,-0.0349,4316102.0
AGI,0.57,1.04,0.012,-0.0116,0.2126,-0.15039999999999998,0.7547,51.33,26.34,0.0256,-0.35%,0.0292,1423466.0
AIG,0.65,1.66,-0.0091,-0.0097,0.0636,-0.0701,0.1868,47.1,81.89,-0.0016,0.79%,-0.009399999999999999,1143289.0
AJG,0.74,7.42,0.015,0.0184,0.1074,-0.0348,0.3839,54.19,338.49,0.009000000000000001,0.66%,0.0024,272039.0
AKAM,0.78,2.39,-0.04,-0.026600000000000002,-0.16920000000000002,-0.2849,0.13119999999999998,44.2,76.37,-0.0092,0.35%,-0.0127,1089212.0
ALAB,1.37,5.26,0.1865,0.3639,0.1971,-0.3549,1.6254,74.76,95.08,0.0083,4.49%,-0.0351,1957210.0
ALC,0.97,2.09,-0.0681,-0.057800000000000004,-0.054900000000000004,-0.145,0.0741,35.66,86.44,0.0034999999999999996,1.70%,-0.0132,777143.0
ALGN,1.64,6.93,-0.0527,-0.0052,-0.17980000000000002,-0.37229999999999996,0.2027,41.92,170.47,-0.0124,1.18%,-0.0239,192463.0
ALL,0.33,4.22,0.0053,0.0149,0.0535,-0.0438,0.2995,53.16,203.58,0.0053,0.53%,0.0,313394.0
ALLE,1.04,2.74,-0.0013,0.0608,0.0405,-0.0956,0.2464,56.11,141.18,-0.0032,0.46%,-0.0078000000000000005,203472.0
ALLY,1.12,1.18,-0.015700000000000002,-0.0125,-0.0736,-0.2591,0.1409,46.33,33.68,-0.0074,2.15%,-0.028300000000000002,1007531.0
AMAT,1.69,5.57,-0.0127,0.0446,-0.0925,-0.3831,0.2758,49.71,157.87,-0.0165,1.04%,-0.026699999999999998,3052765.0
AMCR,0.74,0.21,-0.0332,-0.048499999999999995,-0.12029999999999999,-0.222,0.06709999999999999,39.13,8.93,-0.0109,-0.20%,-0.0089,10277990.0
AMD,2.0,4.5,0.0412,0.0942,-0.127,-0.4103,0.444,57.88,110.43,-0.0025,2.17%,-0.023700000000000002,19449048.0
AME,1.11,3.64,0.0203,0.048600000000000004,0.009899999999999999,-0.102,0.22820000000000001,58.21,178.11,-0.0024,1.12%,-0.013500000000000002,263308.0
AMGN,0.49,7.26,-0.0147,-0.0604,-0.0928,-0.21760000000000002,0.07139999999999999,43.97,271.39,-0.0019,0.71%,-0.0089,1282833.0
AMH,0.78,0.8,-0.017,0.011699999999999999,0.0097,-0.0919,0.1834,48.0,37.49,-0.0037,-0.45%,0.0008,519061.0
AMT,0.83,5.22,-0.0204,-0.0175,0.008100000000000001,-0.1316,0.226,46.42,211.5,0.0058,-0.76%,0.013600000000000001,666183.0
AMX,0.76,0.38,0.021,0.11599999999999999,0.136,-0.11019999999999999,0.3443,67.82,17.61,0.008,1.03%,-0.0023,549933.0
AMZN,1.34,6.44,0.025099999999999997,0.0572,0.0074,-0.1668,0.3328,56.21,202.06,-0.0051,1.54%,-0.0202,19621183.0
ANET,1.4,3.77,0.0097,0.11259999999999999,-0.044199999999999996,-0.3157,0.5379999999999999,55.69,91.4,-0.0125,1.17%,-0.0239,3935410.0
AON,0.85,7.48,-0.0008,-0.0418,-0.030299999999999997,-0.1389,0.2928,44.69,355.62,0.0008,0.06%,0.0002,376123.0
APD,0.87,6.54,-0.008100000000000001,-0.0216,-0.0935,-0.2087,0.10769999999999999,46.33,269.94,0.0026,1.09%,-0.008199999999999999,223668.0
APG,1.57,1.19,0.0525,0.17859999999999998,0.249,-0.047400000000000005,0.4892,75.47,45.8,0.0017000000000000001,1.55%,-0.013600000000000001,526779.0
APH,1.11,2.14,0.0394,0.1796,0.237,-0.0174,0.5648,72.26,85.71,0.0052,2.19%,-0.0163,2193542.0
APO,1.59,5.26,-0.0385,-0.0167,-0.0816,-0.3055,0.3837,44.72,131.6,0.006,3.26%,-0.025699999999999997,1057760.0
APP,2.45,21.79,0.0703,0.20170000000000002,0.37070000000000003,-0.32439999999999997,4.848,59.95,354.8,0.0095,4.05%,-0.0298,3400103.0
APTV,1.47,2.07,0.051100000000000007,0.11789999999999999,0.054299999999999994,-0.22260000000000002,0.406,63.37,66.35,-0.009300000000000001,2.47%,-0.0331,545898.0
AR,0.69,1.31,0.0379,0.0548,0.1845,-0.0761,0.6053999999999999,58.25,39.38,0.0085,0.74%,0.001,1044253.0
ARCC,0.72,0.42,0.0143,0.0192,-0.0032,-0.09630000000000001,0.17989999999999998,54.21,21.55,0.0012,1.25%,-0.011200000000000002,1286337.0
ARE,1.27,2.48,-0.0629,-0.161,-0.3312,-0.47859999999999997,0.0054,31.67,67.85,-0.0111,0.07%,-0.0118,585443.0
ARES,1.39,5.95,-0.0106,0.0673,-0.0125,-0.1967,0.4558,51.62,161.06,0.0074,3.16%,-0.0235,546500.0
ARM,4.3,5.76,0.024700000000000003,0.1128,-0.0478,-0.3265,0.5891,56.25,127.13,-0.0167,0.89%,-0.0254,1806675.0
ARMK,1.25,0.99,0.0533,0.1206,0.055999999999999994,-0.07730000000000001,0.3103,65.95,39.2,0.0083,1.85%,-0.01,539704.0
AS,3.68,1.84,0.2635,0.3812,0.5801,-0.0297,2.6875,81.3,37.28,-0.005600000000000001,3.56%,-0.0397,1706755.0
ASML,1.74,19.07,0.0223,0.06,-0.0083,-0.3397,0.2671,56.41,733.01,-0.0104,1.18%,-0.022000000000000002,842251.0
ASX,1.27,0.3,0.026600000000000002,0.07339999999999999,-0.0066,-0.24539999999999998,0.3983,57.47,9.7,-0.0178,1.51%,-0.032400000000000005,10114995.0
ATI,1.08,2.36,0.09140000000000001,0.3201,0.2843,-0.0102,0.9362999999999999,79.06,75.96,0.0108,2.57%,-0.014499999999999999,777120.0
ATO,0.71,3.13,-0.0101,0.012199999999999999,0.0885,-0.06269999999999999,0.4144,49.91,156.95,0.010700000000000001,0.31%,0.0075,408000.0
AU,0.49,1.85,0.054400000000000004,0.11939999999999999,0.431,-0.056900000000000006,0.9986,58.71,44.23,0.0315,-0.56%,0.0373,1409778.0
AUR,2.65,0.59,-0.1398,-0.1099,-0.0349,-0.43920000000000003,1.8762,40.75,6.04,0.0017000000000000001,2.03%,-0.0182,7713708.0
AVGO,1.09,7.95,0.0697,0.1963,0.20929999999999999,-0.0873,0.7890999999999999,69.56,229.89,-0.0028000000000000004,1.28%,-0.0154,7702146.0
AWK,0.7,3.4,-0.005699999999999999,-0.0103,0.038,-0.0814,0.203,49.12,142.85,0.006999999999999999,-0.38%,0.0109,266532.0
AXP,1.25,7.51,0.004699999999999999,0.06,0.021400000000000002,-0.12279999999999999,0.2984,54.07,286.2,-0.0034000000000000002,1.37%,-0.0169,784827.0
AZN,0.38,1.5,0.010700000000000001,-0.0005,-0.0334,-0.1971,0.1495,53.65,70.39,0.0064,0.64%,0.0,2410786.0
B,0.25,0.59,0.0235,0.0013,0.0342,-0.1063,0.2627,53.34,19.08,0.022000000000000002,0.00%,0.022000000000000002,7126699.0
BA,1.42,5.3,0.0365,0.1445,0.2094,-0.035699999999999996,0.5686,67.07,202.16,-0.0060999999999999995,1.11%,-0.017,2678101.0
BABA,0.24,4.23,-0.0311,-0.0259,0.16269999999999998,-0.187,0.6807,46.04,120.68,-0.0066,0.77%,-0.014199999999999999,5068208.0
BAC,1.3,1.1,0.0213,0.066,0.0176,-0.09939999999999999,0.3095,59.06,43.3,-0.0002,1.93%,-0.0192,19475818.0
BAH,0.56,4.74,-0.1183,-0.0591,-0.21,-0.43,0.075,31.36,108.63,-0.1588,1.52%,-0.1714,5998375.0
BALL,1.09,1.31,-0.011399999999999999,0.021,-0.094,-0.2618,0.1924,49.24,51.88,-0.027000000000000003,-1.85%,-0.0086,1270988.0
BAM,1.54,1.49,0.0087,0.1011,0.1017,-0.0898,0.5283,57.94,56.99,-0.0044,0.99%,-0.014199999999999999,701926.0
BAX,0.62,0.95,-0.024700000000000003,-0.0323,-0.1026,-0.2569,0.1463,45.0,30.09,-0.0059,0.80%,-0.0139,831260.0
BBD,0.71,0.09,0.0761,0.1833,0.22820000000000001,-0.0124,0.5978,69.13,2.8,0.0127,4.68%,-0.0326,46128071.0
BBVA,1.13,0.3,0.0369,0.0791,0.3146,-0.0335,0.6397999999999999,62.95,15.14,-0.0172,1.17%,-0.0286,1073527.0
BBY,1.31,2.49,0.0087,0.0296,-0.16390000000000002,-0.32,0.2824,52.5,70.52,-0.0034000000000000002,2.90%,-0.0315,1870905.0
BCE,0.66,0.55,-0.0121,-0.028300000000000002,-0.2061,-0.4064,0.0587,44.93,21.47,0.0,-0.74%,0.0075,761569.0
BCS,1.11,0.38,0.056600000000000004,0.1276,0.2791,-0.0085,0.7442,69.57,17.74,0.005600000000000001,2.30%,-0.017,11897595.0
BDX,0.28,5.1,-0.0315,-0.1446,-0.23850000000000002,-0.3215,0.046799999999999994,34.54,170.97,-0.0078000000000000005,0.27%,-0.0104,820457.0
BEKE,-0.75,0.71,-0.0668,-0.08810000000000001,-0.0385,-0.2937,0.4238,37.55,18.4,0.0040999999999999995,0.79%,-0.0038,1976421.0
BEN,1.46,0.53,0.0359,0.1023,0.0575,-0.1149,0.3271,63.76,21.57,-0.0021,1.53%,-0.0171,1441850.0
BF-B,0.63,0.86,-0.0225,-0.0098,-0.1373,-0.3188,0.115,44.21,33.99,-0.0072,0.31%,-0.0102,490281.0
BG,0.66,2.26,-0.0148,0.0105,-0.0703,-0.321,0.1577,47.85,78.03,0.003,1.36%,-0.0105,381256.0
BHP,0.95,0.99,0.0113,0.0345,-0.0379,-0.21280000000000002,0.2525,55.55,49.76,0.0124,1.29%,-0.0004,1086576.0
BIDU,0.34,3.04,-0.0537,-0.058499999999999996,-0.059000000000000004,-0.2781,0.1233,39.83,83.92,-0.0018,0.26%,-0.0044,2246617.0
BIIB,0.13,3.71,0.0227,-0.005,-0.2064,-0.473,0.1399,52.41,125.43,-0.0069,0.92%,-0.016,368939.0
BIRK,1.56,2.15,-0.0017000000000000001,0.083,0.0311,-0.17620000000000002,0.3157,53.02,53.37,-0.030600000000000002,3.60%,-0.0643,1967604.0
BJ,0.49,3.43,0.0032,0.0143,0.19260000000000002,-0.0414,0.5209,52.11,116.09,0.001,0.22%,-0.0012,530915.0
BK,1.08,1.83,0.0425,0.08560000000000001,0.1396,-0.0147,0.5616,68.9,89.29,0.0013,1.28%,-0.0113,1424614.0
BKR,0.9,1.11,-0.0049,-0.0611,-0.0837,-0.25739999999999996,0.1861,43.41,36.69,0.0026,1.82%,-0.015300000000000001,1746622.0
BLDR,1.73,4.8,-0.0575,-0.0971,-0.3064,-0.4681,0.0408,40.24,108.04,-0.0163,1.39%,-0.029900000000000003,755902.0
BMRN,0.2,1.88,-0.0449,-0.0892,-0.16570000000000001,-0.3933,0.0873,38.19,57.55,-0.0079,0.24%,-0.0103,520775.0
BMY,0.39,1.45,-0.015700000000000002,-0.1016,-0.1329,-0.2585,0.19329999999999997,42.47,46.96,-0.0015,0.06%,-0.0021,4044443.0
BN,1.68,1.59,0.0115,0.0767,0.054900000000000004,-0.08439999999999999,0.43810000000000004,56.73,57.48,0.0054,1.84%,-0.0128,641171.0
BNS,1.12,0.6,0.0316,0.0718,0.022099999999999998,-0.0839,0.19699999999999998,76.07,52.28,0.0128,1.42%,-0.0014000000000000002,744482.0
BNTX,1.32,5.04,-0.0052,-0.0028000000000000004,-0.0916,-0.2586,0.2738,48.92,97.49,-0.016,0.09%,-0.0169,302568.0
BP,0.5,0.73,-0.0005,-0.036000000000000004,-0.0672,-0.2271,0.1514,47.42,29.05,0.0036,1.41%,-0.0104,5273784.0
BRK-B,0.86,9.18,-0.024700000000000003,-0.0315,0.053200000000000004,-0.0712,0.25370000000000004,41.4,503.47,-0.0002,0.57%,-0.0059,1644950.0
BRO,0.84,2.43,0.0015,-0.04190000000000001,0.0187,-0.1174,0.2902,45.25,110.92,0.0044,0.83%,-0.0039000000000000003,513488.0
BROS,2.72,3.29,0.0464,0.0908,0.3223,-0.2118,1.5400999999999998,55.9,68.48,0.0003,2.96%,-0.0285,1172086.0
BSX,0.69,2.06,0.0054,0.0437,0.1286,-0.0235,0.456,57.87,104.65,0.0015,0.77%,-0.0060999999999999995,1813008.0
BSY,1.07,1.06,0.030299999999999997,0.0933,0.0144,-0.1118,0.3007,63.27,47.49,-0.0034000000000000002,0.36%,-0.0069,338827.0
BTI,0.32,0.82,0.050499999999999996,0.0775,0.1759,0.0103,0.5078,66.38,45.25,0.0146,0.56%,0.009000000000000001,2789986.0
BUD,0.83,0.98,0.0346,0.0725,0.1677,0.0005,0.5038,67.61,69.08,0.0108,1.02%,0.0006,1033131.0
BURL,1.7,10.15,-0.0443,-0.012199999999999999,-0.0904,-0.207,0.2908,43.02,237.01,-0.08529999999999999,-2.92%,-0.057699999999999994,1023421.0
BWXT,0.6,3.59,0.076,0.1282,0.0632,-0.1365,0.39770000000000005,69.94,117.7,0.09369999999999999,4.16%,0.05,1147637.0
BX,1.65,4.96,-0.0208,-0.008,-0.1274,-0.31670000000000004,0.1909,46.06,136.86,-0.0005,2.52%,-0.025,1236289.0
BXP,1.18,1.81,-0.0098,-0.0060999999999999995,-0.11789999999999999,-0.2811,0.1948,47.16,64.78,0.0023,1.14%,-0.009000000000000001,520677.0
C,1.31,1.93,0.0126,0.0594,0.0634,-0.1355,0.369,56.11,73.25,-0.0022,2.24%,-0.0241,4100736.0
CAG,0.14,0.53,-0.04,-0.0993,-0.18719999999999998,-0.3287,0.0152,32.34,22.31,0.0002,-0.16%,0.0018,3532548.0
CAH,0.67,3.27,0.0231,0.0943,0.23829999999999998,-0.023700000000000002,0.6393,65.08,152.73,0.0016,0.38%,-0.0022,692464.0
CARR,1.33,2.06,0.006,0.0825,0.0126,-0.1461,0.3122,55.34,71.15,-0.0086,0.72%,-0.015700000000000002,2176917.0
CART,1.35,1.69,0.06570000000000001,0.1268,0.1229,-0.11560000000000001,0.5838,63.57,47.26,0.0049,1.39%,-0.0089,1571523.0
CAT,1.37,8.74,0.0336,0.0706,-0.0379,-0.1778,0.2872,60.75,344.08,-0.0032,1.76%,-0.0204,907165.0
CB,0.55,5.36,-0.0055000000000000005,-0.0086,0.015,-0.0663,0.1398,47.89,286.58,-0.0018,-0.33%,0.0015,258051.0
CBOE,0.42,5.7,0.029500000000000002,0.0528,0.1041,-0.020499999999999997,0.39159999999999995,60.51,231.19,0.0121,2.03%,-0.008100000000000001,298646.0
CBRE,1.29,3.73,-0.0326,-0.0241,-0.048600000000000004,-0.1752,0.44659999999999994,43.5,121.86,0.011899999999999999,2.03%,-0.008199999999999999,1009388.0
CCEP,0.74,1.57,0.0048,0.023,0.1051,-0.0215,0.2625,55.38,89.41,0.0092,1.08%,-0.0016,590430.0
CCI,0.9,2.49,-0.027999999999999997,-0.022000000000000002,-0.0246,-0.17309999999999998,0.1875,44.93,99.99,0.0007000000000000001,-0.79%,0.0086,829703.0
CCJ,0.91,2.02,0.161,0.2876,0.2065,-0.07339999999999999,0.6559999999999999,78.82,57.96,0.0975,3.21%,0.0634,8759306.0
CCK,0.76,2.0,-0.0012,0.0679,0.0824,-0.028900000000000002,0.374,58.12,97.34,-0.0076,-0.23%,-0.0053,376868.0
CCL,2.57,0.86,0.0576,0.1206,0.0344,-0.2256,0.6139,60.4,22.24,-0.0085,2.35%,-0.031200000000000002,9072798.0
CDNS,1.03,7.87,0.0189,0.1334,0.12300000000000001,-0.038,0.42840000000000006,65.67,316.48,-0.0005,1.42%,-0.014499999999999999,436779.0
CDW,0.95,5.03,0.0277,0.0971,-0.0424,-0.24559999999999998,0.32549999999999996,58.97,182.01,-0.0075,1.96%,-0.026600000000000002,645696.0
CEG,1.11,11.61,0.1124,0.2902,0.2316,-0.1466,0.9305,72.09,300.38,0.030600000000000002,0.61%,0.024300000000000002,3036312.0
CF,0.94,2.47,0.060700000000000004,0.1291,0.0697,-0.09300000000000001,0.3234,71.97,89.11,0.0023,0.57%,-0.0034000000000000002,490465.0
CFG,1.07,1.15,0.0022,0.022400000000000003,-0.068,-0.1948,0.2164,50.92,39.65,-0.0029,2.18%,-0.0241,1650946.0
CG,1.83,1.85,0.0298,0.0702,-0.046799999999999994,-0.22920000000000001,0.3422,55.03,44.32,-0.0025,2.40%,-0.0259,1123683.0
CHD,0.51,2.14,0.0126,-0.0528,-0.0794,-0.1759,0.0548,46.14,95.98,0.008100000000000001,0.56%,0.0025,825289.0
CHRW,0.91,2.42,0.0259,0.013600000000000001,-0.0572,-0.1641,0.16820000000000002,53.46,95.98,-0.005600000000000001,0.50%,-0.0106,365185.0
CHTR,1.1,12.26,0.009899999999999999,0.09380000000000001,0.1359,-0.0666,0.5334,57.98,407.97,-0.0048,0.93%,-0.0139,539014.0
CHWY,1.74,1.42,0.0962,0.2115,0.3243,-0.018500000000000003,1.7267,75.89,43.79,-0.0032,-0.05%,-0.0027,3224787.0
CI,0.45,8.43,-0.0325,-0.0342,-0.0218,-0.1532,0.1984,42.76,314.03,0.0043,-0.05%,0.0049,868836.0
CIEN,1.11,2.79,0.0557,0.18789999999999998,0.14150000000000001,-0.21109999999999998,0.7906,69.09,80.02,-0.0012,2.58%,-0.0263,291526.0
CL,0.38,1.81,0.0179,0.0067,-0.025,-0.15539999999999998,0.08199999999999999,54.36,92.32,0.015600000000000001,0.42%,0.0113,3387950.0
CLS,1.74,5.95,0.1797,0.32030000000000003,0.4413,-0.165,1.993,73.28,120.47,0.0182,3.51%,-0.0163,2012220.0
CLX,0.55,2.99,-0.0412,-0.0678,-0.1535,-0.2377,0.023799999999999998,36.65,130.64,-0.002,-0.53%,0.0034000000000000002,525556.0
CM,1.08,0.98,0.054299999999999994,0.12869999999999998,0.11869999999999999,0.011899999999999999,0.4524,81.84,68.25,0.0194,2.26%,-0.0031,426652.0
CMCSA,0.95,0.72,0.0003,-0.009300000000000001,-0.09390000000000001,-0.2359,0.1011,48.58,34.62,0.0009,1.11%,-0.0101,5322401.0
CME,0.46,5.32,0.0271,0.06309999999999999,0.2045,-0.0048,0.5322,64.41,285.11,0.011000000000000001,1.17%,-0.0007000000000000001,908073.0
CMG,1.08,1.35,-0.009399999999999999,0.012199999999999999,-0.0907,-0.2698,0.1375,48.87,50.57,-0.0040999999999999995,0.24%,-0.006500000000000001,4371012.0
CMS,0.38,1.54,-0.0297,-0.0403,-0.0005,-0.08929999999999999,0.19010000000000002,40.46,69.62,0.0037,-0.43%,0.008100000000000001,687108.0
CNC,0.47,2.13,-0.069,-0.0724,-0.1229,-0.30260000000000004,0.021400000000000002,36.87,56.21,-0.0321,-3.59%,0.004,2777860.0
CNH,1.55,0.41,0.0033,0.0447,0.0981,-0.07719999999999999,0.3788,52.25,12.8,-0.0127,0.43%,-0.017,10471105.0
CNI,1.0,2.08,0.030299999999999997,0.058899999999999994,-0.0072,-0.1759,0.15259999999999999,59.85,105.64,-0.0055000000000000005,0.32%,-0.0087,437979.0
CNM,1.02,1.52,0.004,0.052300000000000006,0.08220000000000001,-0.12560000000000002,0.42579999999999996,54.37,53.07,-0.003,1.28%,-0.015600000000000001,263891.0
CNP,0.59,0.68,-0.0106,0.0128,0.1629,-0.0472,0.47369999999999995,51.06,37.45,0.0083,0.21%,0.0062,927897.0
CNQ,1.07,0.83,0.0278,0.045599999999999995,-0.0336,-0.2041,0.2546,57.7,30.92,0.0034000000000000002,1.13%,-0.0078000000000000005,1570954.0
COF,1.13,6.44,-0.0248,0.039599999999999996,0.0701,-0.1207,0.4446,48.3,185.24,-0.0176,0.91%,-0.0265,1957878.0
COHR,1.87,3.9,0.0547,0.16760000000000003,-0.0737,-0.3147,0.7079000000000001,62.69,77.85,-0.0131,2.16%,-0.034,1094418.0
COIN,3.69,14.48,0.1564,0.31980000000000003,0.16620000000000001,-0.243,0.8569,65.83,264.75,-0.0265,0.59%,-0.0322,6610857.0
COO,1.04,2.16,-0.032799999999999996,-0.021,-0.1625,-0.2987,0.12890000000000001,42.82,78.81,-0.0062,0.56%,-0.011699999999999999,603186.0
COP,0.62,2.81,-0.051100000000000007,-0.0805,-0.1597,-0.2838,0.0689,37.91,85.38,-0.0087,0.40%,-0.0127,2715399.0
COR,0.58,6.33,0.0128,0.0401,0.1729,-0.053899999999999997,0.3628,57.59,292.69,0.0089,0.13%,0.0076,460719.0
COST,1.0,20.82,0.0036,0.044199999999999996,0.07200000000000001,-0.0603,0.28550000000000003,54.76,1013.22,-0.0048,0.12%,-0.006,657996.0
CP,1.1,1.61,0.0493,0.0873,0.0424,-0.08039999999999999,0.2133,65.75,80.67,0.0034000000000000002,1.51%,-0.0116,883062.0
CPNG,1.13,0.81,0.068,0.16390000000000002,0.1562,-0.0097,0.5121,72.65,27.46,0.0066,1.40%,-0.0073,3619190.0
CPRT,1.17,1.65,-0.11810000000000001,-0.0796,-0.0406,-0.1617,0.1232,27.15,53.97,-0.1103,-6.87%,-0.0447,12860459.0
CPT,0.79,2.54,-0.0336,-0.027999999999999997,-0.047,-0.1127,0.1558,41.13,113.06,-0.011699999999999999,-1.02%,-0.0016,656749.0
CRBG,1.05,1.05,0.008100000000000001,0.042699999999999995,0.0397,-0.10210000000000001,0.34020000000000006,54.52,31.75,0.0032,2.68%,-0.0231,1401103.0
CRDO,2.41,3.36,0.14550000000000002,0.32380000000000003,0.2489,-0.2927,2.2303,71.49,61.31,0.0087,3.50%,-0.0253,1023400.0
CRH,1.25,2.77,-0.0176,0.0235,0.0011,-0.15,0.32530000000000003,49.38,94.33,-0.0087,1.46%,-0.023,1758279.0
CRM,1.41,6.72,-0.0004,0.0348,-0.0526,-0.2418,0.3197,52.09,279.77,-0.0129,0.28%,-0.015600000000000001,2689745.0
CRWD,1.15,17.39,0.054000000000000006,0.161,0.3188,0.0069,1.2845,64.56,458.75,0.0331,4.62%,-0.0125,2505351.0
CRWV,,9.54,0.5936,0.904,0.904,-0.1033,2.1180000000000003,77.75,104.5,0.0433,6.63%,-0.0216,25401023.0
CSCO,0.88,1.32,0.035699999999999996,0.061500000000000006,0.098,-0.0527,0.4156,63.18,62.99,-0.0058,0.41%,-0.0098,6037424.0
CSGP,0.89,2.08,-0.0294,-0.0492,-0.0281,-0.1518,0.08449999999999999,41.78,74.03,-0.0016,0.87%,-0.0101,641501.0
CSX,1.22,0.66,0.0408,0.060700000000000004,-0.049,-0.1691,0.1757,62.1,30.83,0.006,2.00%,-0.0137,9197936.0
CTAS,1.06,4.07,0.031,0.0748,0.087,-0.024399999999999998,0.3494,66.71,222.56,0.0040999999999999995,1.16%,-0.0075,474624.0
CTRA,0.34,0.78,0.0006,-0.0567,-0.042300000000000004,-0.1818,0.0989,46.71,24.5,0.0039000000000000003,1.05%,-0.0066,2027770.0
CTSH,0.97,1.77,0.0089,0.04769999999999999,0.0148,-0.1267,0.2433,55.91,79.31,-0.0074,0.49%,-0.0123,1067225.0
CTVA,0.74,1.35,0.048499999999999995,0.1017,0.1516,-0.0055000000000000005,0.38049999999999995,73.61,69.04,0.0066,0.92%,-0.0026,763710.0
CVE,0.95,0.5,0.0508,0.0554,-0.1124,-0.3593,0.3201,58.88,13.51,0.0139,2.70%,-0.0128,7134459.0
CVNA,3.63,14.92,0.10220000000000001,0.3196,0.43420000000000003,-0.018799999999999997,2.137,67.07,306.02,0.0125,2.86%,-0.015700000000000002,1344947.0
CVS,0.55,2.07,-0.0613,-0.086,0.0165,-0.16760000000000003,0.3857,37.61,60.36,0.0023,-0.43%,0.0066,3801449.0
CVX,0.8,3.15,-0.016,-0.0669,-0.0928,-0.19469999999999998,0.0304,41.04,136.06,0.005699999999999999,1.24%,-0.0067,3529033.0
CX,1.42,0.21,0.08990000000000001,0.19219999999999998,0.2016,-0.0745,0.46299999999999997,77.78,7.15,0.022000000000000002,3.83%,-0.015700000000000002,9781624.0
D,0.55,1.37,0.0192,0.0345,0.0066,-0.0933,0.1709,56.39,56.19,0.0095,0.34%,0.0060999999999999995,3094739.0
DAL,1.51,2.05,0.0163,0.0762,-0.09759999999999999,-0.3132,0.3836,53.02,48.06,-0.0091,2.08%,-0.029300000000000003,4236364.0
DASH,1.66,7.89,0.050199999999999995,0.092,0.2138,-0.0444,1.0709,60.58,205.68,0.0239,4.03%,-0.015700000000000002,1884873.0
DB,0.99,0.63,0.0018,0.0919,0.3936,-0.057999999999999996,0.9984999999999999,57.07,27.38,-0.038,0.81%,-0.045700000000000005,3064796.0
DD,1.05,2.0,0.0003,-0.0058,-0.1333,-0.2516,0.2535,49.92,67.4,-0.009000000000000001,0.94%,-0.0182,715217.0
DDOG,1.0,3.56,0.0378,0.1142,-0.06480000000000001,-0.3245,0.40740000000000004,61.15,114.89,-0.0067,1.13%,-0.0178,1346716.0
DE,1.11,12.96,0.0334,0.0764,0.16670000000000001,-0.0421,0.5029,60.57,511.3,-0.0084,0.07%,-0.0091,399799.0
DECK,1.09,6.8,-0.1524,-0.1134,-0.3514,-0.5443,0.08900000000000001,34.21,102.06,-0.1906,3.84%,-0.2205,14189846.0
DELL,1.0,3.95,0.0913,0.1857,0.013000000000000001,-0.3761,0.6923999999999999,70.17,112.11,0.0014000000000000002,2.22%,-0.0204,2248896.0
DEO,0.59,1.99,-0.0344,-0.0033,-0.0932,-0.23370000000000002,0.0859,40.56,109.37,-0.0134,0.97%,-0.0229,606276.0
DFS,1.14,7.22,0.0608,0.1607,0.2102,-0.0355,0.6678000000000001,65.08,200.05,0.0,0.00%,0.0,0.0
DG,0.27,2.88,0.0825,0.12369999999999999,0.2027,-0.304,0.529,66.88,101.57,0.009300000000000001,0.69%,0.0024,950896.0
DGX,0.49,3.81,-0.0292,-0.0014000000000000002,0.061399999999999996,-0.0518,0.25980000000000003,44.18,170.67,0.0062,0.36%,0.0025,482304.0
DHI,1.39,3.41,-0.0418,-0.0472,-0.22210000000000002,-0.40700000000000003,0.0731,40.19,118.51,-0.0033,0.46%,-0.0078000000000000005,1139291.0
DHR,0.78,6.63,-0.0478,-0.060599999999999994,-0.20379999999999998,-0.34409999999999996,0.0805,41.6,184.76,-0.014499999999999999,0.22%,-0.0166,1593771.0
DIS,1.53,2.76,0.064,0.1388,0.08810000000000001,-0.0717,0.3749,66.83,110.13,-0.009000000000000001,0.58%,-0.0148,3824034.0
DKNG,1.63,1.45,-0.011000000000000001,-0.0087,-0.08900000000000001,-0.34759999999999996,0.2191,46.69,34.97,0.003,2.00%,-0.0166,3407484.0
DKS,1.09,9.17,-0.10769999999999999,-0.11710000000000001,-0.2024,-0.33799999999999997,0.013000000000000001,36.64,168.53,-0.022400000000000003,0.53%,-0.0276,996940.0
DLR,0.97,3.61,0.016,0.0898,0.0253,-0.1479,0.2983,64.68,168.71,0.0046,0.72%,-0.0026,566830.0
DLTR,0.84,2.87,0.0366,0.1411,0.19210000000000002,-0.2731,0.46520000000000006,62.15,88.63,-0.0149,0.32%,-0.018000000000000002,1045660.0
DOC,1.03,0.42,-0.0363,-0.09609999999999999,-0.1844,-0.27399999999999997,0.0096,33.39,16.8,-0.0015,0.09%,-0.0024,2491547.0
DOCU,1.14,2.99,-0.0040999999999999995,0.0353,0.0916,-0.2094,0.7509999999999999,50.89,85.28,-0.014499999999999999,0.91%,-0.0233,619195.0
DOV,1.28,4.33,0.0001,0.0254,-0.0524,-0.20079999999999998,0.242,50.93,177.66,-0.012199999999999999,0.46%,-0.0167,471018.0
DOW,0.91,1.07,-0.0489,-0.0904,-0.3273,-0.5155,0.1285,38.3,28.28,-0.013600000000000001,0.60%,-0.0195,3891643.0
DRI,0.73,4.31,0.0027,0.0161,0.135,-0.0382,0.49939999999999996,51.61,203.72,-0.0008,0.57%,-0.0064,352971.0
DT,0.91,1.38,0.0641,0.1176,0.0202,-0.15130000000000002,0.3605,68.75,53.47,-0.0134,-0.10%,-0.0124,925441.0
DTE,0.47,2.78,0.0001,0.008,0.0728,-0.03,0.2562,51.76,136.18,0.0116,0.28%,0.0088,327425.0
DTM,0.8,2.79,0.025099999999999997,0.0605,0.11019999999999999,-0.0926,0.588,60.12,103.9,0.0177,2.17%,-0.0039000000000000003,218675.0
DUK,0.36,2.27,-0.019799999999999998,-0.0252,0.0111,-0.0728,0.1707,44.26,116.15,0.005,-0.49%,0.01,1179227.0
DUOL,0.98,20.29,0.065,0.3393,0.6025,-0.0433,2.5943,71.87,521.36,0.0069,1.77%,-0.0106,263884.0
DVN,1.08,1.12,-0.0275,-0.0451,-0.1534,-0.36700000000000005,0.1998,44.04,31.06,-0.0025,1.31%,-0.0154,3311010.0
DXCM,1.45,2.58,0.0348,0.1463,0.1182,-0.34850000000000003,0.47200000000000003,62.4,84.67,-0.0019,0.87%,-0.0105,828812.0
EA,0.73,3.38,-0.0191,0.0105,0.0134,-0.1264,0.2776,47.84,147.19,0.0038,0.22%,0.0016,949085.0
EBAY,1.27,1.82,0.0298,0.0696,0.1159,-0.0123,0.4022,63.24,72.05,-0.0014000000000000002,0.66%,-0.008,1905041.0
EBR,0.67,0.2,-0.026000000000000002,0.0001,0.0868,-0.061900000000000004,0.3471,47.15,7.34,-0.0007000000000000001,2.73%,-0.027200000000000002,818772.0
EC,0.94,0.28,0.024700000000000003,-0.061,-0.0458,-0.3232,0.18170000000000003,47.77,8.52,0.0059,1.43%,-0.0083,773912.0
ECL,1.04,4.71,0.022799999999999997,0.048799999999999996,0.0449,-0.049,0.1779,61.86,260.27,0.0023,0.40%,-0.0016,275800.0
ED,0.26,2.35,-0.0301,-0.0424,0.0269,-0.0973,0.188,42.34,103.69,0.0026,-0.66%,0.009300000000000001,599387.0
EFX,1.65,8.37,-0.0165,0.063,-0.0067,-0.1505,0.3153,51.66,263.04,-0.0014000000000000002,1.03%,-0.0116,221066.0
EIX,0.79,1.45,0.0017000000000000001,-0.0073,-0.2022,-0.3629,0.1528,49.09,56.56,0.006,0.33%,0.0027,583830.0
EL,1.1,2.51,0.02,0.0333,-0.16149999999999998,-0.5168,0.30879999999999996,53.39,63.31,-0.0173,0.31%,-0.0203,1277415.0
ELS,0.76,1.35,-0.0116,-0.0265,-0.0697,-0.17170000000000002,0.0771,44.86,63.4,0.0002,-0.30%,0.0032,406447.0
ELV,0.63,15.2,-0.078,-0.1137,-0.1474,-0.3447,0.039900000000000005,36.62,371.72,-0.0333,-3.50%,0.0018,1411109.0
EMR,1.26,3.22,0.0366,0.0817,0.0226,-0.127,0.3072,60.98,117.72,0.0032,2.41%,-0.020499999999999997,1498345.0
ENB,0.74,0.87,0.0021,0.0246,0.077,-0.0256,0.3259,55.57,45.88,0.015600000000000001,1.47%,0.0009,1196806.0
ENTG,1.28,4.2,-0.08449999999999999,-0.1066,-0.2762,-0.5122,0.18489999999999998,39.59,71.99,-0.016200000000000003,2.37%,-0.039,1259318.0
EOG,0.76,3.13,-0.0172,-0.0462,-0.115,-0.2025,0.07490000000000001,42.65,110.2,-0.0053,0.81%,-0.0134,1006007.0
EPD,0.65,0.63,0.004,-0.013500000000000002,0.0014000000000000002,-0.0962,0.1436,48.45,31.3,-0.0029,0.61%,-0.0089,1097603.0
EQH,1.14,1.58,0.0042,0.0279,0.0907,-0.0709,0.42700000000000005,52.52,52.03,-0.0019,2.28%,-0.0242,414840.0
EQNR,0.55,0.57,0.025099999999999997,-0.0044,-0.008199999999999999,-0.15410000000000001,0.1107,54.6,23.77,0.011699999999999999,1.30%,-0.0013,1226078.0
EQR,0.92,1.54,-0.0353,-0.0217,-0.057999999999999996,-0.1388,0.13849999999999998,41.15,67.64,-0.0097,-0.50%,-0.004699999999999999,533242.0
EQT,0.65,1.7,0.0319,0.0679,0.248,-0.027200000000000002,0.8591,60.86,55.81,0.0022,1.02%,-0.0079,2612302.0
ERIC,0.98,0.18,0.0285,0.0726,0.09140000000000001,-0.0361,0.5052,61.02,8.67,-0.011399999999999999,0.93%,-0.020499999999999997,19746824.0
ES,0.64,1.6,0.022799999999999997,0.0481,0.018799999999999997,-0.0858,0.20679999999999998,56.91,63.09,0.0005,-0.39%,0.0044,536694.0
ET,0.75,0.49,0.032799999999999996,0.0195,0.005,-0.1653,0.22640000000000002,55.18,17.91,0.0014000000000000002,0.93%,-0.0078000000000000005,3909025.0
ETN,1.15,9.31,0.0288,0.1005,0.0079,-0.1539,0.38670000000000004,62.39,321.5,0.0013,2.00%,-0.0183,723680.0
ETR,0.58,1.9,-0.0069,-0.009000000000000001,0.096,-0.0676,0.5828,48.47,82.41,0.0139,0.45%,0.009399999999999999,591499.0
EVRG,0.48,1.29,-0.0239,-0.0248,0.0325,-0.0667,0.26039999999999996,43.26,65.66,-0.0039000000000000003,-0.07%,-0.0032,574358.0
EW,1.11,1.65,-0.0127,0.027200000000000002,0.0587,-0.2148,0.2691,49.84,74.79,0.0,-0.01%,0.0001,1947234.0
EWBC,0.92,2.76,-0.0025,0.0506,-0.0104,-0.20550000000000002,0.3261,52.76,90.54,-0.0045000000000000005,2.01%,-0.0241,152957.0
EXAS,0.97,2.24,0.0723,0.19010000000000002,0.011200000000000002,-0.22,0.42119999999999996,68.92,56.81,0.0058,1.84%,-0.0124,1130641.0
EXC,0.38,0.96,-0.0326,-0.0383,0.0613,-0.0969,0.2777,40.43,43.45,0.0007000000000000001,-1.03%,0.0111,3368737.0
EXE,0.47,2.84,0.043899999999999995,0.0707,0.2127,-0.0075,0.6723,65.31,115.59,0.0105,0.85%,0.002,564378.0
EXEL,0.28,1.71,0.0519,0.1199,0.2763,-0.1288,1.1132,59.47,42.56,-0.006999999999999999,-0.54%,-0.0016,1001935.0
EXPD,1.08,3.05,0.0022,-0.0005,-0.0384,-0.1441,0.121,49.6,112.63,-0.009300000000000001,1.17%,-0.0208,467086.0
EXPE,1.59,6.59,-0.0233,-0.0105,-0.0371,-0.23199999999999998,0.4876,46.37,159.55,-0.0073,1.82%,-0.025099999999999997,700624.0
EXR,1.12,3.51,-0.013600000000000001,0.0105,-0.081,-0.21289999999999998,0.20199999999999999,48.15,145.48,0.0048,0.24%,0.0024,166273.0
F,1.51,0.27,-0.005,0.0346,0.0196,-0.2908,0.228,52.04,10.36,-0.0072,0.44%,-0.0115,52563119.0
FANG,1.06,4.9,-0.011399999999999999,-0.0378,-0.1807,-0.3616,0.1925,46.22,135.94,-0.0026,1.21%,-0.014499999999999999,741482.0
FAST,0.98,0.89,0.011000000000000001,0.0352,0.0812,-0.0371,0.332,55.31,40.87,0.0037,1.05%,-0.0068000000000000005,1633572.0
FCX,1.65,1.4,0.022099999999999998,0.0493,-0.050499999999999996,-0.2762,0.4033,56.66,38.73,0.0273,3.45%,-0.0069,8676620.0
FDX,1.38,6.38,-0.014199999999999999,-0.026600000000000002,-0.17309999999999998,-0.3089,0.1164,45.35,216.9,-0.0087,1.16%,-0.020099999999999996,622614.0
FE,0.38,0.74,-0.0139,0.0174,0.0092,-0.0684,0.11470000000000001,48.73,41.89,-0.0023,-1.29%,0.010700000000000001,1476406.0
FERG,1.05,4.05,0.0192,0.06559999999999999,-0.0403,-0.2094,0.2217,57.94,178.37,-0.0052,1.07%,-0.015700000000000002,663013.0
FHN,0.62,0.58,0.024700000000000003,0.0637,0.0605,-0.1174,0.4056,58.09,19.81,0.0023,3.26%,-0.0294,2342260.0
FI,0.92,6.94,-0.10279999999999999,-0.19649999999999998,-0.20440000000000003,-0.3336,0.0872,31.63,159.0,-0.014499999999999999,-0.43%,-0.0103,3533836.0
FIS,1.08,1.91,-0.0014000000000000002,0.0365,-0.0215,-0.1485,0.1776,52.55,78.32,-0.0002,0.65%,-0.0066,632832.0
FITB,0.91,0.93,-0.0123,0.0022,-0.1093,-0.2408,0.1552,47.07,37.26,-0.0068000000000000005,1.46%,-0.021099999999999997,1398040.0
FLEX,1.02,1.44,0.056100000000000004,0.1698,0.1393,-0.0851,0.6431999999999999,66.19,41.26,-0.0043,1.50%,-0.0191,1080580.0
FLUT,1.15,7.44,-0.0066,0.0263,-0.0096,-0.1938,0.3885,50.71,241.63,0.014499999999999999,2.91%,-0.0141,514391.0
FNF,1.07,1.55,-0.09539999999999998,-0.1234,-0.09910000000000001,-0.1905,0.1303,29.76,54.01,0.0073,1.20%,-0.004699999999999999,432424.0
FNV,0.43,4.51,0.020099999999999996,0.0416,0.2378,-0.057800000000000004,0.49439999999999995,56.61,168.41,0.026699999999999998,1.11%,0.0154,268821.0
FOX,0.57,1.28,0.0342,0.0451,0.1291,-0.0862,0.6598,57.32,50.26,-0.0049,0.66%,-0.0115,315264.0
FOXA,0.52,1.37,0.043899999999999995,0.0552,0.1478,-0.068,0.6762,59.6,54.74,-0.0043,0.27%,-0.0069,1218442.0
FSLR,1.51,10.9,0.0596,0.1636,-0.11019999999999999,-0.4754,0.38049999999999995,55.15,160.92,0.0292,4.48%,-0.015,2236915.0
FTAI,1.63,6.59,0.0331,0.0754,-0.0898,-0.3729,0.5175,53.99,113.9,0.0086,3.58%,-0.0263,400964.0
FTI,1.06,0.99,-0.0098,0.0373,0.044500000000000005,-0.11380000000000001,0.34049999999999997,51.69,29.64,0.0029,2.61%,-0.0227,1055475.0
FTNT,1.09,3.3,-0.0070999999999999995,0.0365,0.1189,-0.10279999999999999,0.8879,51.81,103.02,-0.0058,0.71%,-0.0128,1712618.0
FTV,1.12,1.73,-0.0045000000000000005,-0.0007000000000000001,-0.0626,-0.1602,0.15869999999999998,48.44,69.97,-0.0026,1.48%,-0.0171,1093726.0
FUTU,0.61,5.48,0.0774,0.1332,0.2432,-0.1446,1.2122,63.74,111.95,0.0046,3.27%,-0.0273,787304.0
FWONK,0.83,2.52,0.0352,0.098,0.12539999999999998,-0.0492,0.38380000000000003,69.43,97.29,0.0009,1.37%,-0.0127,215538.0
GAP,2.3,1.1,0.1598,0.3147,0.2818,-0.0652,0.6919,76.7,28.75,-0.005,0.37%,-0.0087,4724722.0
GD,0.47,5.24,0.0013,0.0138,-0.0131,-0.133,0.1487,51.18,274.77,-0.008199999999999999,0.01%,-0.008199999999999999,309555.0
GDDY,1.09,4.5,-0.0098,0.0226,0.022099999999999998,-0.1482,0.3556,50.61,183.99,0.0001,0.67%,-0.006500000000000001,293377.0
GE,1.37,5.4,0.0689,0.14859999999999998,0.2429,-0.0173,0.5526,73.42,233.21,0.0127,1.91%,-0.0062,2190212.0
GEHC,1.31,2.43,-0.0241,-0.035,-0.1643,-0.2743,0.1934,44.98,68.8,-0.0092,0.53%,-0.0144,1033761.0
GEN,0.99,0.71,0.006,0.0443,0.0115,-0.1283,0.2159,53.85,27.65,-0.004,1.06%,-0.0144,1890164.0
GEV,1.47,16.46,0.1265,0.3038,0.489,0.0069,2.1191999999999998,79.34,467.91,0.019799999999999998,1.94%,0.0004,2070151.0
GFI,0.57,0.94,0.0611,0.0525,0.3272,-0.0942,0.7807999999999999,58.13,23.11,0.048799999999999996,0.50%,0.0436,1708282.0
GFL,1.04,1.32,-0.011399999999999999,0.0139,0.1027,-0.056299999999999996,0.6053999999999999,50.17,49.07,0.005699999999999999,1.76%,-0.011699999999999999,289793.0
GFS,1.54,1.35,-0.018600000000000002,0.009899999999999999,-0.0965,-0.41200000000000003,0.2242,47.34,36.44,-0.0276,0.29%,-0.0304,486337.0
GILD,0.3,3.28,0.0405,0.0151,0.13369999999999999,-0.1056,0.7284999999999999,55.56,107.29,0.0051,1.36%,-0.0083,2318146.0
GIS,0.02,1.15,-0.0282,-0.0672,-0.16829999999999998,-0.29969999999999997,0.014499999999999999,35.9,53.15,-0.0036,-0.67%,0.0032,1882877.0
GLPI,0.75,0.87,-0.014199999999999999,-0.044800000000000006,-0.06559999999999999,-0.1208,0.0789,41.0,46.21,0.0038,0.38%,0.0,402556.0
GLW,1.09,1.23,0.0443,0.0729,0.0444,-0.1249,0.3678,65.86,48.42,-0.0027,1.19%,-0.0144,1556679.0
GM,1.34,1.3,0.0189,0.0345,-0.0072,-0.20170000000000002,0.2548,55.56,48.89,-0.008,1.07%,-0.018500000000000003,2331895.0
GMAB,0.97,0.6,0.018000000000000002,0.0432,-0.0647,-0.3086,0.20190000000000002,55.47,20.72,-0.015,0.95%,-0.024300000000000002,583938.0
GME,-0.63,1.26,0.1535,0.2384,0.2771,-0.32659999999999995,0.8262999999999999,73.4,32.33,0.0475,5.64%,-0.0084,20888587.0
GOOG,1.02,5.57,0.0444,0.060700000000000004,-0.009399999999999999,-0.18059999999999998,0.19870000000000002,59.6,171.0,-0.005699999999999999,0.40%,-0.0097,13801815.0
GOOGL,1.01,5.61,0.0467,0.06559999999999999,-0.0070999999999999995,-0.1801,0.20809999999999998,60.0,169.77,-0.0064,0.47%,-0.0111,21005263.0
GPC,0.78,2.92,0.0361,0.0604,0.0101,-0.1542,0.2134,59.68,126.21,-0.0054,1.02%,-0.0154,305419.0
GPN,0.94,2.63,-0.057999999999999996,-0.1193,-0.2706,-0.37939999999999996,0.1295,34.89,74.47,-0.0165,0.39%,-0.0203,638884.0
GRAB,0.86,0.2,0.0109,0.0895,0.1411,-0.1282,0.6734,56.5,4.99,0.0054,2.61%,-0.0202,8535236.0
GRMN,0.99,5.45,0.021400000000000002,0.009899999999999999,0.0155,-0.18460000000000001,0.26899999999999996,53.58,200.99,-0.0029,1.74%,-0.02,238367.0
GS,1.32,16.61,0.034,0.0909,0.0783,-0.10710000000000001,0.37229999999999996,61.13,600.2,0.0033,2.60%,-0.022099999999999998,854984.0
GSK,0.51,0.81,0.023,0.0336,0.0345,-0.1512,0.225,59.02,38.85,-0.0018,0.28%,-0.0046,1869367.0
H,1.41,4.18,0.0127,0.0638,-0.10679999999999999,-0.23920000000000002,0.2494,54.27,127.97,0.0034000000000000002,2.52%,-0.0213,186843.0
HAL,1.16,0.78,-0.026699999999999998,-0.0967,-0.26280000000000003,-0.4647,0.0604,40.22,19.85,-0.0055000000000000005,2.11%,-0.026099999999999998,4090222.0
HBAN,0.94,0.41,0.0006,0.0496,-0.0129,-0.1664,0.2904,53.2,15.38,-0.0036,1.96%,-0.0227,15665512.0
HCA,1.5,9.48,0.0363,0.0872,0.08,-0.0978,0.2978,62.39,376.33,-0.0008,0.47%,-0.0055000000000000005,448929.0
HD,1.02,8.16,-0.0103,0.0096,-0.0601,-0.1722,0.1234,46.96,363.73,-0.0066,0.37%,-0.0102,1160785.0
HDB,0.63,1.44,0.0191,0.0697,0.157,-0.018600000000000002,0.3448,60.43,73.97,0.0171,2.05%,-0.0033,847725.0
HES,0.63,3.17,-0.0086,-0.0567,-0.061799999999999994,-0.1909,0.056799999999999996,43.95,130.82,0.0062,1.77%,-0.0113,710117.0
HIG,0.71,2.41,0.0149,0.056299999999999996,0.1085,-0.023399999999999997,0.31420000000000003,60.11,129.0,-0.0004,0.51%,-0.0054,685173.0
HIMS,2.02,5.03,0.0741,0.42310000000000003,0.8354,-0.254,3.0416000000000003,58.07,54.44,0.0172,1.87%,-0.0015,17490185.0
HLN,0.28,0.2,0.0454,0.0791,0.1161,-0.0001,0.3522,66.25,11.15,0.008,0.26%,0.0054,14056962.0
HLT,1.25,6.11,0.0077,0.0683,0.0318,-0.1084,0.2588,55.68,245.37,-0.0051,0.93%,-0.0143,445307.0
HMC,0.53,0.6,-0.0209,0.011000000000000001,0.009899999999999999,-0.1334,0.2572,48.7,29.43,-0.003,0.17%,-0.004699999999999999,186573.0
HOLX,0.51,1.54,-0.0351,-0.0736,-0.24100000000000002,-0.3616,0.0414,38.96,54.05,-0.0079,0.02%,-0.008100000000000001,653729.0
HON,1.07,4.32,0.026600000000000002,0.06570000000000001,0.0429,-0.0842,0.2396,61.2,222.34,-0.0058,0.69%,-0.0126,1187766.0
HOOD,2.23,3.32,0.1352,0.3328,0.6838,-0.046900000000000004,3.5614999999999997,70.07,63.77,-0.0154,1.42%,-0.0292,19103686.0
HPE,1.34,0.57,0.0152,0.0886,-0.0974,-0.2954,0.4521,56.95,17.37,-0.01,1.37%,-0.023399999999999997,4782831.0
HPQ,1.38,0.8,0.024300000000000002,0.0541,-0.1414,-0.2987,0.3157,55.82,27.91,-0.0208,0.97%,-0.0302,3923281.0
HRL,0.32,0.59,-0.006,-0.0178,-0.0436,-0.16870000000000002,0.0645,45.52,29.37,-0.0027,-0.27%,0.0,1123402.0
HSBC,0.56,0.99,0.0277,0.0621,0.1867,-0.040999999999999995,0.5055,63.56,59.34,-0.0012,1.09%,-0.012,1046647.0
HST,1.33,0.44,-0.011399999999999999,0.020099999999999996,-0.1109,-0.23579999999999998,0.20420000000000002,48.73,14.72,-0.0078000000000000005,1.76%,-0.024900000000000002,3096096.0
HSY,0.28,4.28,-0.054900000000000004,-0.0675,-0.1206,-0.25989999999999996,0.09880000000000001,36.14,153.97,0.0007000000000000001,-0.73%,0.008100000000000001,910100.0
HTHT,0.47,1.22,0.0066,0.0173,0.061399999999999996,-0.1515,0.34909999999999997,52.51,36.47,0.0287,3.01%,-0.0014000000000000002,1044851.0
HUM,0.44,11.09,-0.0895,-0.1363,-0.1986,-0.4465,0.059000000000000004,36.63,224.98,-0.0095,-1.16%,0.0021,854954.0
HWM,1.42,4.55,0.060899999999999996,0.19,0.39990000000000003,-0.0066,1.1527,74.5,165.4,0.0146,2.36%,-0.0088,699465.0
IBKR,1.24,6.51,0.0839,0.17600000000000002,0.2146,-0.1215,1.004,68.85,207.8,0.0052,2.78%,-0.022000000000000002,324147.0
IBM,0.64,6.12,0.022000000000000002,0.0533,0.1268,-0.0369,0.5859000000000001,56.88,259.34,0.0038,0.56%,-0.0019,1518050.0
IBN,0.63,0.56,0.0208,0.062400000000000004,0.14029999999999998,0.0015,0.3686,62.09,34.38,0.0179,1.58%,0.0021,3137565.0
ICE,1.12,3.45,0.0165,0.0447,0.08990000000000001,-0.0172,0.3382,60.85,176.36,0.013500000000000002,1.65%,-0.0029,1127833.0
ICLR,1.17,6.0,-0.066,-0.1572,-0.41340000000000005,-0.6315999999999999,0.022000000000000002,35.18,128.11,0.0088,2.41%,-0.0149,542998.0
IFF,1.08,1.94,-0.022099999999999998,-0.0149,-0.1519,-0.298,0.1383,45.86,74.96,-0.0101,-0.01%,-0.01,437314.0
ILMN,1.33,3.34,0.0096,0.0123,-0.3182,-0.4902,0.16260000000000002,50.57,79.87,-0.0083,1.68%,-0.024700000000000003,747781.0
INCY,0.68,1.85,0.0375,0.0576,-0.045899999999999996,-0.2346,0.1997,60.52,64.26,-0.0039000000000000003,0.97%,-0.013500000000000002,364878.0
INFY,0.98,0.39,0.0104,0.0225,-0.1344,-0.2309,0.1489,53.45,18.17,0.0075,1.25%,-0.005,5636655.0
ING,1.17,0.37,0.026699999999999998,0.07200000000000001,0.2051,-0.0287,0.41609999999999997,62.06,21.14,-0.013300000000000001,0.88%,-0.0219,1628058.0
INSM,0.8,2.66,-0.0128,-0.0516,-0.0779,-0.2046,2.081,46.54,67.54,0.0208,2.26%,-0.0018,701103.0
INTC,1.14,0.85,-0.037000000000000005,-0.0603,-0.0695,-0.45840000000000003,0.1393,43.32,20.12,-0.0207,-0.17%,-0.019,42474275.0
INTU,1.24,18.14,0.1056,0.16469999999999999,0.1545,0.0074,0.3518,76.12,720.05,0.081,0.01%,0.081,3977902.0
INVH,0.82,0.68,-0.0384,-0.0252,-0.02,-0.12869999999999998,0.12140000000000001,39.97,32.94,-0.005,-0.50%,0.0,815280.0
IONQ,2.64,3.65,0.4432,0.7064,0.9229999999999999,-0.1321,6.6377,80.33,47.51,0.0375,12.82%,-0.08039999999999999,41920524.0
IOT,1.74,1.65,0.0479,0.1373,0.0078000000000000005,-0.2565,0.6957,61.66,46.02,-0.0026,1.90%,-0.0212,651227.0
IP,1.02,1.66,0.011399999999999999,-0.0218,-0.0759,-0.20920000000000002,0.1502,48.76,47.73,-0.0184,0.77%,-0.0259,999648.0
IQV,1.3,5.89,-0.07440000000000001,-0.1341,-0.31739999999999996,-0.46020000000000005,0.008199999999999999,36.64,136.51,-0.0111,0.40%,-0.0151,933497.0
IR,1.45,2.08,0.0113,0.038,-0.10279999999999999,-0.239,0.2298,53.81,80.69,-0.0063,1.41%,-0.020099999999999996,1931453.0
IRM,1.1,2.59,0.0012,0.0767,-0.0843,-0.2614,0.3299,55.78,96.19,0.0040999999999999995,0.65%,-0.0024,361076.0
ISRG,1.68,14.19,-0.0007000000000000001,0.057999999999999996,0.0364,-0.1216,0.36590000000000006,53.59,541.09,-0.0029,1.06%,-0.0134,529558.0
ITUB,0.76,0.17,0.0292,0.11599999999999999,0.2148,-0.030699999999999998,0.5205,64.87,6.64,0.0045000000000000005,3.43%,-0.0287,28453759.0
ITW,1.13,5.26,-0.0084,-0.0016,-0.0487,-0.1319,0.1288,47.56,242.3,-0.0098,0.32%,-0.013000000000000001,335111.0
JBHT,1.3,4.59,-0.004699999999999999,-0.0113,-0.1631,-0.31129999999999997,0.124,46.96,138.01,-0.0073,1.13%,-0.0184,326448.0
JBL,1.13,4.78,0.0492,0.14429999999999998,0.2163,-0.051699999999999996,0.7295,70.18,165.77,0.004,2.39%,-0.0194,221785.0
JCI,1.32,2.18,0.060599999999999994,0.1593,0.2223,-0.0067,0.5218,76.69,97.87,-0.0006,1.24%,-0.0129,1179177.0
JD,0.51,1.19,-0.0161,-0.0906,-0.0802,-0.29960000000000003,0.3881,42.73,33.49,-0.0058,0.80%,-0.0137,4054784.0
JEF,1.45,1.9,-0.0262,-0.028900000000000002,-0.2336,-0.41100000000000003,0.2398,45.38,48.7,-0.0039000000000000003,3.00%,-0.0329,343931.0
JHX,1.76,0.89,-0.0369,-0.0393,-0.2615,-0.46130000000000004,0.1902,42.49,23.47,-0.012199999999999999,0.38%,-0.016,1476010.0
JNJ,0.41,2.8,-0.0029,-0.0191,-0.0236,-0.09970000000000001,0.08779999999999999,48.22,153.04,0.0028000000000000004,0.02%,0.0026,3115696.0
JNPR,0.78,0.4,-0.009300000000000001,0.005600000000000001,-0.035,-0.0975,0.0745,48.61,35.91,-0.0017000000000000001,0.79%,-0.0095,694923.0
JPM,1.08,5.87,0.0194,0.0697,0.09849999999999999,-0.0676,0.369,60.5,261.32,0.0025,1.76%,-0.0148,3538876.0
K,0.29,0.35,-0.0017000000000000001,-0.0015,0.0123,-0.011399999999999999,0.4702,47.92,82.27,0.0023,-0.06%,0.0029,1047854.0
KDP,0.5,0.61,-0.0255,-0.0369,-0.0327,-0.1402,0.09269999999999999,38.55,32.91,-0.003,-0.12%,-0.0018,3741556.0
KEY,1.07,0.46,-0.0037,0.0252,-0.0659,-0.21739999999999998,0.2324,50.6,15.68,-0.0005,2.63%,-0.026099999999999998,5766830.0
KEYS,1.11,4.64,0.028999999999999998,0.0767,0.0209,-0.1407,0.33649999999999997,60.38,160.0,-0.0108,1.13%,-0.0218,289823.0
KGC,0.63,0.55,0.023399999999999997,0.08109999999999999,0.3492,-0.0761,1.0479,56.88,14.74,0.0183,-0.64%,0.024900000000000002,10533629.0
KHC,0.24,0.6,-0.0599,-0.0935,-0.16870000000000002,-0.2807,0.0037,29.91,26.28,-0.0084,-0.81%,-0.0004,5737255.0
KIM,1.28,0.5,-0.0175,-0.0059,-0.0885,-0.2024,0.1549,45.41,20.53,-0.0036,0.51%,-0.0087,1214854.0
KKR,1.89,4.65,-0.0155,0.0358,-0.1137,-0.30920000000000003,0.3665,49.37,117.72,-0.0040999999999999995,2.31%,-0.026600000000000002,1575831.0
KLAC,1.4,25.92,0.024900000000000002,0.0817,0.0641,-0.15560000000000002,0.3728,55.87,756.85,-0.0139,1.22%,-0.025699999999999997,473084.0
KMB,0.38,2.97,0.044199999999999996,0.0271,0.028399999999999998,-0.0622,0.1369,60.22,141.09,0.0096,0.71%,0.0024,1399956.0
KMI,0.74,0.65,0.018600000000000002,0.0203,0.0775,-0.1155,0.4788,56.15,27.84,0.018500000000000003,1.81%,0.0004,4259206.0
KO,0.46,1.2,0.006999999999999999,0.011200000000000002,0.0575,-0.0341,0.18530000000000002,53.27,71.85,0.009899999999999999,0.61%,0.0038,5383434.0
KR,0.59,1.6,-0.0184,0.0021,0.1246,-0.0644,0.4048,47.95,68.89,0.0138,-0.23%,0.016200000000000003,2600558.0
KVUE,0.93,0.6,-0.0007000000000000001,0.019299999999999998,0.0525,-0.056799999999999996,0.3435,51.81,23.74,0.0102,0.42%,0.006,3769750.0
LDOS,0.66,3.77,-0.0116,0.0518,-0.0023,-0.2515,0.2285,50.74,151.86,-0.0407,-2.11%,-0.02,837999.0
LEN,1.37,3.06,-0.0355,-0.049400000000000006,-0.263,-0.4365,0.0662,40.98,104.93,-0.0034000000000000002,0.74%,-0.010700000000000001,634207.0
LHX,0.73,5.57,0.061799999999999994,0.0949,0.0558,-0.1059,0.2306,75.42,237.61,-0.0066,0.26%,-0.0092,1018459.0
LI,0.97,0.84,0.0688,0.12869999999999998,0.1827,-0.1301,0.652,64.33,28.81,0.0049,0.49%,0.0,1155479.0
LIN,0.98,8.09,0.0132,0.0149,0.0097,-0.057800000000000004,0.124,55.52,459.31,0.0007000000000000001,1.27%,-0.0118,548987.0
LINE,,2.05,-0.0378,-0.1424,-0.29960000000000003,-0.4955,0.0779,37.17,45.33,-0.0069,-0.06%,-0.0064,227578.0
LKQ,0.98,1.0,0.0003,-0.014499999999999999,0.0179,-0.13699999999999998,0.1319,46.61,40.25,-0.0064,0.93%,-0.015600000000000001,783593.0
LLY,0.41,28.75,-0.0795,-0.0993,-0.1477,-0.2663,0.0538,38.46,713.5,-0.0024,0.49%,-0.0073,1579403.0
LMT,0.28,10.41,-0.0053,0.0123,-0.0793,-0.24359999999999998,0.1177,50.38,468.17,-0.0048,0.04%,-0.0053,361457.0
LNG,0.42,5.98,-0.0215,0.0027,0.0868,-0.1127,0.4939,46.57,228.61,0.0004,0.20%,-0.0015,677199.0
LNT,0.57,1.34,0.0011,-0.005699999999999999,0.016200000000000003,-0.0766,0.2527,49.56,61.44,0.0038,-0.28%,0.006500000000000001,371989.0
LOW,0.93,5.68,-0.0236,-0.0168,-0.1118,-0.22899999999999998,0.0722,43.17,221.29,-0.011000000000000001,0.17%,-0.0127,1373518.0
LRCX,1.67,2.72,0.034,0.10060000000000001,0.054000000000000006,-0.2821,0.4403,58.91,81.12,-0.0174,1.31%,-0.0302,3906139.0
LULU,1.26,10.55,0.055999999999999994,0.07690000000000001,-0.014199999999999999,-0.2621,0.3821,58.67,312.37,-0.0253,-0.05%,-0.024700000000000003,951174.0
LUV,1.2,1.12,0.0146,0.037599999999999995,0.0155,-0.14300000000000002,0.3128,55.09,30.96,-0.008100000000000001,1.23%,-0.0202,4386318.0
LVS,1.01,1.15,0.0062,0.0509,-0.10400000000000001,-0.2927,0.32659999999999995,54.02,40.04,-0.0013,1.64%,-0.0175,1792792.0
LYB,0.82,2.01,-0.036000000000000004,-0.09480000000000001,-0.2908,-0.4439,0.0931,39.21,55.87,-0.008199999999999999,0.81%,-0.016200000000000003,1522536.0
LYG,1.06,0.09,0.0746,0.1153,0.3286,-0.0034999999999999996,0.6659999999999999,72.68,4.26,0.0034999999999999996,1.79%,-0.0141,20146231.0
LYV,1.47,3.95,0.038599999999999995,0.09939999999999999,0.1543,-0.083,0.6664,63.3,144.66,0.0016,1.45%,-0.0127,834390.0
MA,1.05,10.71,0.0002,0.044199999999999996,0.0821,-0.0382,0.3197,54.36,565.97,-0.0073,0.26%,-0.009899999999999999,901163.0
MAR,1.42,6.65,0.0018,0.0662,-0.002,-0.15869999999999998,0.2648,53.82,258.72,-0.0076,1.19%,-0.0192,673422.0
MAS,1.2,2.02,-0.0263,-0.0453,-0.17559999999999998,-0.2871,0.09300000000000001,42.76,61.81,-0.0139,0.78%,-0.0215,628231.0
MBLY,0.43,0.81,0.0060999999999999995,0.067,0.026099999999999998,-0.5299,0.4919,53.33,15.64,-0.0222,-0.48%,-0.0175,1460670.0
MCD,0.56,5.33,-0.0013,0.01,0.051100000000000007,-0.0356,0.2923,50.77,314.7,0.0012,-0.12%,0.0024,1440877.0
MCHP,1.45,2.73,0.0377,0.1459,-0.10529999999999999,-0.4422,0.6437999999999999,56.55,56.1,-0.0337,0.57%,-0.0391,5679159.0
MCK,0.49,16.74,0.0151,0.0417,0.1998,-0.0182,0.5454,57.75,717.68,0.009899999999999999,0.34%,0.006500000000000001,349943.0
MDB,1.4,7.45,0.0126,0.0447,-0.253,-0.5136,0.3096,52.23,184.36,-0.022400000000000003,-0.08%,-0.0216,625369.0
MDLZ,0.49,1.26,-0.0,-0.0004,0.0009,-0.1303,0.2261,50.98,66.15,0.0101,0.87%,0.0014000000000000002,3111106.0
MDT,0.81,1.89,-0.045599999999999995,-0.061500000000000006,-0.0779,-0.16469999999999999,0.0584,36.1,80.39,-0.0064,-0.28%,-0.0036,4734923.0
MET,0.84,1.99,-0.0109,-0.0014000000000000002,-0.0378,-0.1311,0.1865,47.81,77.37,-0.0037,1.87%,-0.022000000000000002,1423359.0
META,1.25,20.15,0.0346,0.0919,0.0695,-0.147,0.4277,59.99,631.99,-0.0072,1.28%,-0.0197,5255616.0
MFC,0.98,0.76,-0.0025,0.0282,0.0435,-0.056100000000000004,0.3397,53.0,31.22,0.0089,2.21%,-0.0129,551571.0
MFG,0.41,0.13,0.058899999999999994,0.0492,0.1201,-0.1069,0.5739,62.83,5.43,0.009300000000000001,1.88%,-0.009300000000000001,1558223.0
MGA,1.47,1.01,0.0083,0.0268,-0.1009,-0.24780000000000002,0.16870000000000002,52.82,35.52,-0.0043,1.65%,-0.020499999999999997,425557.0
MKC,0.69,1.69,-0.049699999999999994,-0.0754,-0.09380000000000001,-0.17670000000000002,0.061500000000000006,34.41,71.0,-0.0043,-0.50%,0.0007000000000000001,1887771.0
MMC,0.82,4.47,0.0127,0.0007000000000000001,0.021,-0.0735,0.1387,53.67,229.76,0.005699999999999999,0.63%,-0.0006,788313.0
MMM,1.01,3.9,0.0232,0.0395,0.0793,-0.0501,0.5349,55.59,148.52,-0.0084,0.94%,-0.0177,986704.0
MNST,0.6,1.15,0.035,0.0694,0.1886,-0.0031,0.461,67.6,63.29,0.0067,0.97%,-0.003,1419519.0
MO,0.64,1.06,0.009899999999999999,0.023799999999999998,0.0966,-0.0269,0.3601,56.05,59.62,0.0053,-0.33%,0.0086,2118710.0
MOS,1.13,0.94,0.0667,0.2018,0.2934,-0.0273,0.5644,75.6,34.98,-0.0009,0.78%,-0.0086,935894.0
MPC,0.86,4.81,0.050499999999999996,0.1185,0.048499999999999995,-0.1293,0.3868,64.36,159.62,0.0046,1.38%,-0.0091,657343.0
MPLX,0.68,1.19,-0.0031,-0.0134,0.0466,-0.07780000000000001,0.2666,48.57,50.6,0.005600000000000001,1.02%,-0.0046,523694.0
MRK,0.41,2.36,-0.0183,-0.0602,-0.20809999999999998,-0.4227,0.0601,45.7,77.72,-0.0016,0.50%,-0.0066,4999135.0
MRNA,1.88,1.82,-0.0004,-0.059000000000000004,-0.4267,-0.8475,0.12269999999999999,48.68,25.99,-0.0273,-0.12%,-0.0262,5082425.0
MRVL,1.78,3.23,-0.0098,0.0049,-0.2686,-0.5233,0.29059999999999997,48.7,60.77,-0.0175,1.18%,-0.028900000000000002,9325404.0
MS,1.29,3.54,0.0197,0.0735,0.0579,-0.1116,0.3875,57.11,126.18,-0.0006,1.74%,-0.0177,1594546.0
MSFT,1.02,9.04,0.0336,0.1219,0.08810000000000001,-0.0337,0.3126,69.35,452.57,-0.005,0.57%,-0.010700000000000001,8838508.0
MSTR,3.82,22.42,-0.0492,0.09949999999999999,0.3257,-0.3037,2.6919999999999997,49.19,378.07,-0.0536,-3.54%,-0.0189,13631081.0
MT,1.64,0.75,-0.012199999999999999,0.023399999999999997,0.15689999999999998,-0.13699999999999998,0.4678,50.82,30.12,0.0053,1.69%,-0.0113,1053955.0
MTB,0.6,4.42,0.0066,0.0406,-0.0275,-0.2026,0.2876,53.87,179.98,-0.0034999999999999996,1.62%,-0.0194,595014.0
MTZ,1.74,5.88,0.04019999999999999,0.175,0.1778,-0.08410000000000001,0.6998000000000001,64.04,152.91,0.014199999999999999,2.52%,-0.010700000000000001,311574.0
MU,1.28,3.82,0.062400000000000004,0.1067,-0.0129,-0.405,0.5231,60.26,93.73,-0.0116,1.65%,-0.0276,10483139.0
MUFG,0.43,0.3,0.046799999999999994,0.0541,0.152,-0.0978,0.5497,62.96,13.56,-0.0073,1.50%,-0.022000000000000002,5749333.0
NBIX,0.22,4.02,0.0291,0.096,-0.0291,-0.2432,0.4194,58.92,119.56,0.0037,1.27%,-0.009000000000000001,374151.0
NDAQ,1.0,1.64,0.0319,0.078,0.0733,-0.0259,0.40659999999999996,66.16,81.97,0.009399999999999999,2.22%,-0.0126,1989603.0
NEE,0.66,2.39,-0.028399999999999998,-0.020499999999999997,-0.0928,-0.2158,0.094,44.0,67.52,0.0087,0.76%,0.001,8503551.0
NEM,0.33,1.61,0.0273,0.054000000000000006,0.1286,-0.08789999999999999,0.45299999999999996,57.08,53.56,0.0173,-0.17%,0.019,5536030.0
NET,1.81,5.64,0.141,0.2887,0.4429,-0.1052,1.3958000000000002,77.33,158.7,0.0031,2.27%,-0.0192,774135.0
NFLX,1.6,28.64,0.0294,0.14679999999999999,0.35009999999999997,-0.018600000000000002,1.0248,69.31,1188.63,0.0006,0.53%,-0.004699999999999999,1287722.0
NI,0.54,0.89,-0.0062,-0.006500000000000001,0.0587,-0.0616,0.40909999999999996,48.79,38.89,0.0101,0.39%,0.0062,681485.0
NKE,1.22,2.01,0.0058,-0.013000000000000001,-0.1865,-0.387,0.1496,48.91,60.1,-0.0199,0.59%,-0.0256,8029367.0
NLY,1.31,0.43,-0.028399999999999998,-0.0366,-0.0528,-0.149,0.1338,41.94,18.82,0.0045000000000000005,0.88%,-0.0043,3206304.0
NOC,0.14,11.35,-0.0158,-0.0447,-0.0487,-0.1516,0.126,43.39,471.36,-0.0032,-0.15%,-0.0017000000000000001,301833.0
NOK,0.94,0.11,0.043899999999999995,0.0433,0.1505,-0.022799999999999997,0.5,62.56,5.36,-0.0009,1.42%,-0.0149,8109810.0
NOW,0.96,26.66,0.0161,0.14150000000000001,0.0676,-0.1563,0.5843,62.49,1010.77,-0.0049,1.08%,-0.0155,520142.0
NRG,1.1,5.81,0.16390000000000002,0.40549999999999997,0.6149,-0.0231,1.4272999999999998,76.98,158.05,0.0178,2.81%,-0.0101,1104068.0
NSC,1.3,5.18,0.034300000000000004,0.0518,-0.0178,-0.1354,0.19030000000000002,59.77,240.01,0.0015,1.54%,-0.013600000000000001,352568.0
NTAP,1.42,2.57,0.0269,0.0874,-0.12890000000000001,-0.2752,0.3666,59.5,98.17,-0.0161,0.26%,-0.018600000000000002,1485903.0
NTES,0.66,3.09,0.0703,0.13949999999999999,0.2668,-0.0335,0.5744,66.1,119.42,0.0033,-0.24%,0.005699999999999999,621734.0
NTNX,0.7,2.52,0.0495,0.13699999999999998,0.21789999999999998,-0.0397,0.8466,63.88,80.05,0.0024,2.26%,-0.019799999999999998,732474.0
NTR,0.84,1.35,0.038900000000000004,0.1099,0.1935,-0.023799999999999998,0.3599,66.76,59.42,0.009000000000000001,0.88%,0.0002,935239.0
NTRA,1.74,6.05,-0.0029,0.0269,0.051,-0.1603,0.6677,51.64,153.66,0.0078000000000000005,2.44%,-0.0163,546251.0
NTRS,1.23,2.55,0.0412,0.0926,0.06309999999999999,-0.0768,0.3286,63.66,105.86,-0.0051,1.33%,-0.0181,402837.0
NU,1.07,0.51,-0.0512,0.0311,-0.056799999999999996,-0.258,0.3296,45.7,11.98,-0.022000000000000002,1.61%,-0.037599999999999995,53408543.0
NUE,1.71,3.53,-0.0556,-0.0603,-0.17800000000000002,-0.3636,0.1282,38.42,110.1,-0.0053,1.20%,-0.0172,764779.0
NVDA,2.11,4.83,0.07339999999999999,0.1482,0.0451,-0.1392,0.5218,64.8,131.82,-0.0076,1.40%,-0.0213,127218349.0
NVO,0.65,2.62,0.0078000000000000005,-0.0060999999999999995,-0.30820000000000003,-0.5478999999999999,0.1751,50.76,66.98,-0.0174,-0.35%,-0.0139,3762757.0
NVS,0.58,2.07,0.0169,0.0239,0.0352,-0.0668,0.1747,56.88,112.84,0.003,0.72%,-0.0042,484786.0
NVT,1.29,2.24,0.047400000000000005,0.15710000000000002,-0.0068000000000000005,-0.24480000000000002,0.5677,62.77,65.38,0.0085,3.51%,-0.0258,494401.0
NWG,0.98,0.27,0.07629999999999999,0.1461,0.34590000000000004,0.0084,0.8371999999999999,74.63,14.33,0.0134,1.78%,-0.0042,3178032.0
NWSA,1.25,0.63,0.001,0.0335,0.012199999999999999,-0.0911,0.1931,54.07,27.9,0.0089,2.03%,-0.011200000000000002,1359755.0
NXPI,1.42,8.21,-0.0174,0.0151,-0.1124,-0.34659999999999996,0.3063,47.53,193.45,-0.0155,1.61%,-0.031200000000000002,1616179.0
O,0.77,0.94,-0.016,-0.017,-0.0382,-0.1442,0.0971,43.95,55.37,0.0034000000000000002,-0.16%,0.0051,1858966.0
OC,1.36,4.87,-0.048799999999999996,-0.049800000000000004,-0.198,-0.37479999999999997,0.08689999999999999,40.8,134.12,-0.0075,2.11%,-0.027999999999999997,292848.0
ODFL,1.28,5.68,0.0026,0.0123,-0.1323,-0.3046,0.11939999999999999,49.31,162.21,-0.0085,1.59%,-0.024,381505.0
OHI,0.69,0.78,-0.0202,-0.0368,-0.0649,-0.1892,0.1711,42.46,36.01,0.0003,-0.41%,0.0044,556685.0
OKE,0.94,2.5,-0.0264,-0.0784,-0.1509,-0.312,0.07629999999999999,40.35,81.23,-0.0017000000000000001,1.15%,-0.013000000000000001,874390.0
OKTA,0.91,3.82,0.0408,0.1263,0.3709,-0.024700000000000003,0.7633,64.9,124.42,0.0040999999999999995,1.58%,-0.0115,912265.0
OMC,0.96,1.86,-0.039,-0.048,-0.18789999999999998,-0.3181,0.0555,38.54,72.97,-0.0022,0.98%,-0.011899999999999999,1101045.0
ON,1.4,2.09,-0.0128,0.0263,-0.2919,-0.4841,0.331,48.93,41.31,-0.0231,1.61%,-0.0385,4608161.0
ONON,2.35,2.26,0.10619999999999999,0.2361,0.1668,-0.0786,0.7062,73.05,59.02,0.0034000000000000002,5.05%,-0.0449,2686963.0
ORCL,1.3,4.37,0.0246,0.08109999999999999,-0.0277,-0.20989999999999998,0.3678,58.64,156.68,-0.004,0.97%,-0.013500000000000002,2935948.0
OTIS,0.99,1.71,-0.0017000000000000001,-0.0131,-0.0098,-0.09359999999999999,0.0795,48.07,96.83,-0.0036,0.07%,-0.0043,834056.0
OWL,1.17,0.75,-0.0233,-0.0242,-0.12300000000000001,-0.3145,0.2591,46.23,18.32,0.0049,3.27%,-0.0269,2038162.0
OXY,0.88,1.34,-0.006,-0.0354,-0.1588,-0.36450000000000005,0.18309999999999998,46.73,41.15,0.0018,1.84%,-0.0163,3547650.0
PAA,0.66,0.48,-0.019,-0.073,-0.07919999999999999,-0.205,0.0719,42.01,16.69,0.0045000000000000005,1.30%,-0.0084,647382.0
PAGP,0.63,0.48,-0.0195,-0.0729,-0.0782,-0.2006,0.0738,41.82,17.83,0.0068000000000000005,1.48%,-0.0079,337518.0
PANW,0.97,5.79,-0.0089,0.0437,0.0259,-0.1023,0.31739999999999996,52.35,187.08,0.005,1.77%,-0.0124,2567388.0
PAYX,0.91,2.82,0.029300000000000003,0.0513,0.0958,-0.0134,0.3539,64.08,156.24,0.0004,0.92%,-0.0087,454599.0
PBA,0.77,0.68,-0.014199999999999999,-0.0208,-0.04019999999999999,-0.1363,0.0993,46.07,37.52,0.01,1.13%,-0.0013,223294.0
PBR,0.93,0.32,0.0019,-0.054400000000000004,-0.1317,-0.23870000000000002,0.065,44.87,11.75,-0.0051,1.38%,-0.018600000000000002,11715340.0
PBR-A,1.0,0.28,0.0046,-0.0432,-0.1124,-0.2211,0.073,46.68,11.02,-0.0040999999999999995,1.89%,-0.0226,3150574.0
PCAR,0.95,2.49,0.0074,0.0005,-0.0729,-0.19030000000000002,0.1048,49.88,93.52,-0.0086,0.75%,-0.016,877745.0
PCOR,0.91,2.51,0.008199999999999999,0.0364,-0.0095,-0.23670000000000002,0.37229999999999996,52.66,67.88,0.003,2.72%,-0.0235,296857.0
PDD,0.49,4.25,0.0471,0.064,0.0384,-0.2812,0.359,61.6,118.39,-0.0118,1.67%,-0.027999999999999997,4056133.0
PEG,0.49,1.74,-0.0038,-0.023700000000000002,-0.06509999999999999,-0.1727,0.0958,46.84,78.78,0.0182,1.29%,0.0053,1001176.0
PEP,0.47,2.44,-0.0194,-0.077,-0.17350000000000002,-0.2899,0.0101,35.39,129.16,-0.0074,-0.31%,-0.0043,4834461.0
PFE,0.53,0.62,0.0079,-0.0111,-0.1152,-0.2594,0.11689999999999999,51.88,23.36,0.0139,1.88%,-0.0048,16857136.0
PFG,1.0,1.88,-0.0104,-0.0126,-0.053200000000000004,-0.1591,0.1309,46.53,77.34,-0.0001,1.68%,-0.0167,323846.0
PFGC,1.16,2.21,0.0049,0.061900000000000004,0.0431,-0.0824,0.37689999999999996,54.77,84.82,0.0134,1.63%,-0.0029,514764.0
PG,0.42,2.93,0.0269,0.0087,-0.0154,-0.0805,0.059500000000000004,56.84,165.9,0.0053,0.59%,-0.0007000000000000001,2690280.0
PGR,0.4,5.93,-0.011899999999999999,0.005699999999999999,0.08779999999999999,-0.051100000000000007,0.4068,48.82,278.01,0.0032,0.07%,0.0025,660813.0
PHG,0.77,0.6,-0.0655,-0.0702,-0.1623,-0.3086,0.0594,36.75,22.75,-0.0137,1.17%,-0.025099999999999997,550065.0
PHM,1.32,3.0,-0.042699999999999995,-0.030699999999999998,-0.1705,-0.34450000000000003,0.1125,42.05,97.98,-0.0060999999999999995,0.63%,-0.0124,585841.0
PHYS,0.12,0.49,0.023399999999999997,0.0467,0.1834,-0.0264,0.44189999999999996,57.6,25.67,0.0213,0.21%,0.0191,2709824.0
PINS,0.9,1.38,0.0492,0.0674,-0.0106,-0.3129,0.311,56.44,31.05,-0.0222,0.53%,-0.0274,4371467.0
PLD,1.27,2.93,-0.018600000000000002,-0.009300000000000001,-0.0943,-0.2134,0.2218,45.6,104.28,-0.0077,-0.05%,-0.0072,1354524.0
PLTR,2.63,6.48,0.030899999999999997,0.2177,0.7451000000000001,-0.0643,5.0548,59.69,124.91,0.021400000000000002,3.33%,-0.0115,42488233.0
PM,0.53,3.34,0.0408,0.0956,0.297,0.0095,0.8009000000000001,69.04,178.16,0.0167,0.99%,0.0068000000000000005,2123632.0
PNC,1.06,3.97,0.0141,0.0352,-0.0667,-0.2036,0.1868,54.57,172.22,-0.0044,1.46%,-0.0187,598748.0
PNR,1.1,2.41,0.0174,0.0852,0.0167,-0.12539999999999998,0.3332,58.18,96.83,-0.0084,1.01%,-0.0183,515816.0
PNW,0.43,1.73,-0.0183,-0.0252,0.011200000000000002,-0.0621,0.21559999999999999,44.23,90.5,0.0068000000000000005,-0.08%,0.0077,164953.0
PPC,0.49,1.58,0.018000000000000002,0.0087,0.1249,-0.102,0.6594,51.63,49.55,0.0073,0.73%,0.0,342446.0
PPG,1.17,2.81,-0.0023,0.0252,-0.0728,-0.1984,0.2191,51.29,110.01,-0.0108,0.62%,-0.0169,440668.0
PPL,0.67,0.66,-0.0194,-0.0168,0.0344,-0.056600000000000004,0.2713,45.16,34.62,0.0070999999999999995,-0.11%,0.008100000000000001,2153286.0
PR,1.26,0.48,-0.0070999999999999995,0.0027,-0.0872,-0.2425,0.2697,48.71,12.71,-0.0109,0.87%,-0.0195,3075072.0
PRMB,0.75,0.98,-0.014199999999999999,-0.0336,0.0911,-0.1117,0.6303,45.28,31.84,0.018600000000000002,1.50%,0.0034999999999999996,2662343.0
PRU,1.05,2.75,-0.020499999999999997,-0.0274,-0.1151,-0.2182,0.1293,44.25,102.07,-0.0025,1.97%,-0.0218,846862.0
PSTG,1.06,2.03,0.0787,0.16329999999999997,0.0078000000000000005,-0.24760000000000001,0.6062,65.39,55.43,-0.0111,1.97%,-0.0302,1655095.0
PSX,0.99,4.17,-0.0015,0.0058,-0.08349999999999999,-0.2468,0.24239999999999998,49.42,113.07,0.0008,1.39%,-0.0129,1002224.0
PWR,1.06,10.66,0.0245,0.1573,0.12539999999999998,-0.0849,0.4744,63.29,334.8,0.012,1.70%,-0.0049,531354.0
PYPL,1.46,1.83,0.0038,0.0482,-0.08349999999999999,-0.2526,0.2534,53.45,70.0,-0.0202,0.71%,-0.027200000000000002,4161310.0
QCOM,1.28,4.76,-0.0092,-0.0058,-0.0907,-0.36729999999999996,0.20800000000000002,47.35,145.93,-0.0098,1.75%,-0.0268,4530190.0
QSR,0.61,1.48,0.0301,0.0581,0.0379,-0.0693,0.19010000000000002,61.65,69.87,0.0063,0.79%,-0.0016,700261.0
RBA,0.79,2.17,0.032400000000000005,0.0755,0.1699,-0.013000000000000001,0.5346,64.5,107.83,-0.006500000000000001,0.37%,-0.0101,586959.0
RBLX,1.52,2.72,0.10619999999999999,0.2688,0.4813,-0.0018,1.6239,79.29,82.89,0.0132,2.28%,-0.009399999999999999,2571193.0
RBRK,0.56,3.77,0.16390000000000002,0.32299999999999995,0.6615000000000001,0.0076,2.2821000000000002,81.29,93.02,0.0209,4.10%,-0.019299999999999998,1036648.0
RCI,0.74,0.52,0.0184,0.006500000000000001,-0.1945,-0.3768,0.1249,56.18,26.08,0.0013,0.02%,0.0012,248977.0
RCL,2.12,8.49,0.022000000000000002,0.1127,0.1253,-0.1306,0.8519,58.17,240.9,0.0105,3.39%,-0.0227,684243.0
RDDT,1.96,8.56,-0.0874,-0.0658,-0.1572,-0.5590999999999999,1.0676999999999999,43.69,101.58,0.0332,6.01%,-0.0253,4120856.0
RDY,0.32,0.25,0.0239,0.055999999999999994,-0.0196,-0.1514,0.16920000000000002,60.36,14.34,0.0039000000000000003,0.60%,-0.0021,360814.0
REG,1.03,1.44,-0.0174,-0.0075,-0.018600000000000002,-0.0898,0.2228,44.58,71.16,0.0011,0.32%,-0.0021,463684.0
REGN,0.38,22.14,0.0121,-0.013000000000000001,-0.2637,-0.5121,0.1353,50.36,590.91,-0.01,0.69%,-0.0168,333191.0
RF,0.98,0.6,-0.0070999999999999995,0.0196,-0.0756,-0.23829999999999998,0.2018,49.4,21.3,-0.0034000000000000002,2.34%,-0.0262,2953597.0
RIO,0.69,1.15,0.0116,0.024900000000000002,-0.0097,-0.1518,0.19269999999999998,54.95,61.63,0.0083,0.77%,0.0007000000000000001,3233293.0
RIVN,1.92,0.8,0.08199999999999999,0.2256,0.26649999999999996,-0.1618,0.6637000000000001,64.32,15.81,-0.0066,1.25%,-0.0189,13388467.0
RJF,1.04,3.62,-0.0004,0.0373,0.0146,-0.16260000000000002,0.4004,51.45,145.97,-0.0034000000000000002,1.69%,-0.0199,232483.0
RKLB,2.07,1.59,0.0816,0.214,0.3957,-0.2394,5.1101,61.46,25.36,-0.0179,0.19%,-0.019799999999999998,9989846.0
RKT,2.3,0.77,0.026000000000000002,-0.012,-0.09449999999999999,-0.37060000000000004,0.33770000000000006,51.7,12.73,0.0131,3.87%,-0.024700000000000003,3115384.0
RL,1.52,9.96,0.0828,0.1962,0.2507,-0.0504,0.7617,69.98,274.76,-0.0096,1.92%,-0.028300000000000002,503456.0
RMD,0.78,5.51,-0.002,0.065,0.0319,-0.0745,0.35700000000000004,56.0,243.46,-0.008199999999999999,0.38%,-0.012,229245.0
ROK,1.35,8.24,0.077,0.1686,0.1209,-0.0151,0.4236,71.96,306.08,-0.0007000000000000001,1.41%,-0.0147,205729.0
ROKU,2.09,3.27,0.022400000000000003,0.029300000000000003,-0.0633,-0.3469,0.41840000000000005,52.77,68.55,-0.0175,0.97%,-0.0269,1048621.0
ROL,0.77,1.04,0.0087,0.041100000000000005,0.124,-0.0104,0.2673,57.55,57.03,0.0049,0.53%,-0.0004,536865.0
ROST,1.19,4.53,-0.058899999999999994,-0.0031,-0.0495,-0.1616,0.1209,38.03,137.16,-0.09910000000000001,2.35%,-0.1198,13417689.0
RPRX,0.47,0.83,-0.011899999999999999,0.0013,0.1043,-0.0525,0.35200000000000004,47.98,32.51,0.0063,1.10%,-0.0046,987511.0
RSG,0.64,4.49,0.0189,0.0418,0.1562,-0.0024,0.3981,61.07,252.94,0.0077,0.60%,0.0017000000000000001,353142.0
RTO,0.96,0.49,0.0213,0.0493,-0.0533,-0.2995,0.21760000000000002,58.8,23.86,0.0225,1.68%,0.005600000000000001,317890.0
RTX,0.61,3.05,0.018500000000000003,0.0288,0.07690000000000001,-0.0406,0.3444,55.85,133.19,-0.0066,1.02%,-0.0166,2077287.0
RVTY,0.98,3.49,-0.0397,-0.0883,-0.2121,-0.31170000000000003,0.0068000000000000005,41.1,89.13,-0.0149,0.54%,-0.0202,367124.0
RY,0.89,1.81,0.0495,0.0946,0.0735,0.0046,0.25579999999999997,75.51,128.64,0.0168,2.01%,-0.0033,405379.0
RYAAY,1.38,1.27,0.0971,0.1838,0.23199999999999998,0.0017000000000000001,0.5079,78.96,55.72,0.0097,1.35%,-0.0038,852902.0
RYAN,0.68,1.95,0.006999999999999999,-0.0184,0.0105,-0.1073,0.3161,48.58,68.88,0.0024,0.19%,0.0004,191938.0
SAN,1.01,0.16,0.0545,0.1247,0.4232,-0.0158,0.8509,71.3,7.9,-0.0046,1.33%,-0.0176,2089999.0
SAP,1.33,6.05,0.0023,0.0695,0.1725,-0.0252,0.6481999999999999,58.48,295.74,-0.0137,0.87%,-0.022099999999999998,915491.0
SBAC,0.78,5.84,-0.021400000000000002,0.015,0.0333,-0.0919,0.2372,48.93,229.42,0.005,-0.03%,0.0053,142781.0
SBS,0.72,0.48,0.0096,0.0797,0.213,-0.026000000000000002,0.5687,60.52,20.55,0.002,2.86%,-0.0258,620024.0
SBUX,0.99,2.82,0.0097,-0.0335,-0.1143,-0.2784,0.18460000000000001,48.76,84.76,0.009399999999999999,2.64%,-0.0166,2973338.0
SCCO,1.01,2.77,0.0154,0.0178,-0.049800000000000004,-0.23170000000000002,0.2438,54.39,92.17,0.0194,3.20%,-0.0123,508261.0
SCHW,0.93,1.79,0.0277,0.0915,0.1673,-0.026099999999999998,0.43420000000000003,66.77,87.5,0.0022,1.51%,-0.0127,2013642.0
SCI,0.94,1.69,-0.0058,-0.016200000000000003,-0.033,-0.1423,0.11380000000000001,47.07,76.65,0.0008,0.62%,-0.0054,435977.0
SE,1.65,5.66,0.1048,0.23550000000000001,0.47729999999999995,-0.0009,2.0029,71.68,165.16,0.0278,3.68%,-0.0087,2326956.0
SFM,0.8,5.62,-0.008,0.0446,0.19940000000000002,-0.0799,1.2212,52.37,164.69,0.0181,2.01%,-0.002,391616.0
SGI,1.29,1.96,0.0155,0.0629,0.1307,-0.0832,0.42219999999999996,55.61,64.06,-0.0019,1.45%,-0.016200000000000003,825773.0
SHEL,0.37,1.15,-0.0003,-0.013999999999999999,-0.0129,-0.1134,0.1276,49.19,66.01,0.001,0.71%,-0.0060999999999999995,1595001.0
SHOP,2.64,5.08,0.0131,0.0712,0.0738,-0.2054,1.1171,53.48,102.81,-0.004699999999999999,2.11%,-0.0253,3048127.0
SHW,1.21,7.38,-0.0042,0.026600000000000002,-0.0187,-0.1189,0.2507,51.75,352.82,-0.0003,0.58%,-0.0060999999999999995,396232.0
SJM,0.33,2.31,-0.0087,-0.0165,-0.0129,-0.1057,0.1356,45.99,112.16,0.0015,0.11%,0.0004,294650.0
SLB,1.04,1.1,-0.0262,-0.0794,-0.1699,-0.34049999999999997,0.0799,39.82,33.6,-0.0045000000000000005,1.44%,-0.0187,5591704.0
SMCI,1.4,3.0,0.0594,0.0973,0.0182,-0.6077,1.3063999999999998,53.78,39.78,-0.0371,0.16%,-0.0387,26287455.0
SMFG,0.42,0.32,0.0493,0.0447,0.0733,-0.0989,0.4046,63.19,15.09,0.0097,1.65%,-0.0067,957000.0
SMMT,-0.95,2.19,0.0496,0.1275,0.2956,-0.2967,11.3619,54.92,25.96,0.0074,1.88%,-0.0113,945819.0
SN,1.78,4.13,0.0394,0.12050000000000001,-0.024,-0.2275,0.5705,57.0,95.01,-0.0037,2.25%,-0.025699999999999997,680384.0
SNAP,0.6,0.43,-0.026699999999999998,-0.0236,-0.1787,-0.5211,0.1723,46.83,8.3,-0.0154,0.73%,-0.0225,9574142.0
SNOW,1.19,6.97,0.141,0.256,0.3513,-0.014499999999999999,0.8765999999999999,76.87,201.04,-0.0105,1.04%,-0.0207,9418156.0
SNPS,1.15,13.29,0.022099999999999998,0.1043,0.0083,-0.1985,0.3693,61.28,500.79,-0.0053,1.10%,-0.016200000000000003,248374.0
SNY,0.52,1.16,-0.0033,-0.018799999999999997,-0.0155,-0.1307,0.141,49.51,52.26,-0.0048,0.77%,-0.0124,811367.0
SO,0.36,1.78,-0.0038,-0.006500000000000001,0.0169,-0.0538,0.166,49.41,89.36,0.0059,-0.20%,0.0079,1428207.0
SOFI,1.84,0.67,-0.0098,0.0683,0.07519999999999999,-0.2872,1.1847,51.9,13.13,-0.0045000000000000005,2.58%,-0.0296,30090607.0
SOLV,0.65,2.43,0.01,0.006500000000000001,0.0087,-0.1775,0.4985,50.09,70.67,-0.0274,-1.74%,-0.0102,629292.0
SONY,0.96,0.6,0.0163,0.0407,0.1986,-0.0207,0.6301,57.25,25.54,0.0083,0.71%,0.0012,2756770.0
SPG,1.5,4.31,-0.024300000000000002,-0.0089,-0.0713,-0.1726,0.15380000000000002,45.42,157.31,-0.0040999999999999995,0.68%,-0.0108,381377.0
SPGI,1.2,10.0,0.0063,0.0388,0.0131,-0.061399999999999996,0.2202,55.69,511.88,0.0011,0.94%,-0.008199999999999999,537857.0
SPOT,1.68,26.66,0.0323,0.09880000000000001,0.35359999999999997,-0.0206,1.2746,58.44,655.23,0.028999999999999998,3.33%,-0.0040999999999999995,1110792.0
SRE,0.64,1.69,0.020499999999999997,0.0706,-0.039599999999999996,-0.18989999999999999,0.25329999999999997,61.92,77.58,0.0108,1.03%,0.0005,999004.0
SSNC,1.24,1.97,0.0196,0.0124,0.0277,-0.1133,0.3259,54.48,79.57,0.0084,0.98%,-0.0014000000000000002,377202.0
STLA,1.48,0.35,-0.0089,-0.0382,-0.23,-0.5587,0.1885,45.98,9.98,-0.0362,0.45%,-0.0406,10520270.0
STLD,1.43,3.71,-0.026699999999999998,0.0212,0.0149,-0.1729,0.24710000000000001,47.49,128.66,-0.009399999999999999,0.76%,-0.0169,890280.0
STM,1.57,0.77,0.0069,0.0701,-0.049100000000000005,-0.46009999999999995,0.42060000000000003,53.6,24.5,-0.0268,0.14%,-0.0282,4097151.0
STT,1.47,2.28,0.0259,0.08470000000000001,0.049699999999999994,-0.06559999999999999,0.371,63.06,96.25,-0.0012,1.44%,-0.0154,459003.0
STX,1.38,3.84,0.1259,0.2734,0.1557,-0.0327,0.7653,74.33,111.55,0.024700000000000003,2.41%,0.0006,3100011.0
STZ,0.72,4.16,-0.0177,0.0015,-0.1305,-0.3038,0.1528,45.67,184.98,0.0012,0.53%,-0.0040999999999999995,596353.0
SU,0.82,0.93,0.0095,0.0,-0.0537,-0.147,0.16210000000000002,52.71,35.78,0.0116,2.26%,-0.010700000000000001,1879096.0
SUZ,0.98,0.19,0.02,0.019299999999999998,-0.0388,-0.13970000000000002,0.1109,55.13,9.34,-0.0060999999999999995,-0.08%,-0.0053,677323.0
SW,1.03,1.46,0.0121,0.0161,-0.0883,-0.2296,0.1862,50.43,43.9,-0.013000000000000001,0.48%,-0.0178,839608.0
SWK,1.18,2.92,0.0083,-0.0239,-0.2357,-0.4064,0.22089999999999999,48.45,65.82,-0.0078000000000000005,2.44%,-0.0315,1053646.0
SWKS,1.17,2.46,0.0181,0.08470000000000001,-0.161,-0.4208,0.4606,57.2,70.0,-0.0051,3.14%,-0.0354,1692333.0
SYF,1.43,1.91,0.004699999999999999,0.0726,-0.0076,-0.19899999999999998,0.40130000000000005,53.35,56.81,-0.011200000000000002,2.06%,-0.031200000000000002,1122248.0
SYK,0.93,8.34,-0.0088,0.024700000000000003,0.0235,-0.0679,0.2022,50.62,378.61,0.0009,0.81%,-0.0072,774906.0
SYM,1.95,1.6,0.16149999999999998,0.2973,0.1607,-0.32409999999999994,0.7974,68.95,29.33,-0.0034000000000000002,2.02%,-0.0231,673905.0
SYY,0.82,1.39,0.0021,-0.0052,-0.042300000000000004,-0.1301,0.06570000000000001,48.74,71.53,-0.0063,0.74%,-0.013600000000000001,1297347.0
T,0.4,0.63,-0.0004,0.0059,0.152,-0.053899999999999997,0.6052000000000001,51.19,27.47,0.0086,0.02%,0.0084,14717097.0
TAK,0.25,0.27,-0.0048,-0.0148,0.025099999999999997,-0.0587,0.1547,50.15,14.52,0.0076,0.48%,0.0028000000000000004,693466.0
TAP,0.74,1.38,-0.0345,-0.0697,-0.0537,-0.1618,0.1018,35.07,54.2,-0.0021,0.31%,-0.0052,1028748.0
TCOM,0.08,2.07,-0.0037,0.0216,0.0196,-0.1943,0.6265999999999999,50.66,62.19,0.0184,1.20%,0.0064,1947091.0
TD,0.81,1.0,0.0575,0.1039,0.1566,0.0039000000000000003,0.32420000000000004,78.59,67.86,0.013600000000000001,1.27%,0.0009,1187138.0
TEAM,0.99,8.71,-0.046799999999999994,-0.0351,-0.0717,-0.3664,0.5268,42.58,206.57,-0.0087,1.45%,-0.022799999999999997,1054765.0
TECK,0.79,1.32,0.0204,0.0059,-0.1533,-0.32789999999999997,0.2846,53.14,36.38,0.025699999999999997,3.50%,-0.009000000000000001,1337820.0
TEL,1.22,3.62,0.021,0.0941,0.0724,-0.0358,0.3605,61.26,158.23,-0.0043,1.84%,-0.0223,618794.0
TEM,,5.5,0.0287,0.17739999999999997,0.1791,-0.331,1.6728,54.96,61.18,0.0326,6.66%,-0.0319,7028795.0
TER,1.69,2.92,-0.017,-0.0246,-0.30210000000000004,-0.5272,0.1732,44.71,77.16,-0.0169,0.98%,-0.0265,826266.0
TEVA,0.61,0.66,0.0126,0.0851,-0.0374,-0.25980000000000003,0.3539,55.88,16.88,-0.0037,1.85%,-0.0218,3362487.0
TFC,0.82,1.07,-0.0115,0.0062,-0.0861,-0.19870000000000002,0.17129999999999998,48.23,39.31,-0.0046,2.10%,-0.025099999999999997,2843854.0
TGT,1.23,3.5,-0.0172,-0.0325,-0.2707,-0.4335,0.0857,45.52,94.83,-0.0024,1.82%,-0.0202,4372659.0
THC,1.64,5.74,0.0647,0.1948,0.1371,-0.044000000000000004,0.4902,67.1,163.66,0.0144,2.70%,-0.0123,562188.0
TJX,0.92,2.71,-0.023700000000000002,0.0121,0.0492,-0.06559999999999999,0.27940000000000004,44.19,126.94,-0.0204,-0.83%,-0.012199999999999999,4262897.0
TKO,0.72,4.58,-0.0304,0.0231,0.13140000000000002,-0.11699999999999999,0.5695,48.0,158.15,0.0123,1.47%,-0.0024,624195.0
TLN,1.48,9.71,0.0492,0.1379,0.2353,-0.0555,1.4742,63.51,243.71,0.0213,2.24%,-0.0011,216812.0
TME,0.49,0.68,0.1502,0.23550000000000001,0.4218,0.0084,0.8539,75.32,17.44,0.0304,2.98%,0.0006,3936281.0
TMO,0.79,13.59,-0.0481,-0.1207,-0.2641,-0.3725,0.0089,36.0,393.97,-0.0163,0.05%,-0.0167,1341058.0
TMUS,0.64,5.93,-0.0038,-0.0394,0.0458,-0.1225,0.47759999999999997,45.87,242.63,0.0075,0.67%,0.0008,1910823.0
TOL,1.36,3.31,-0.0019,0.017,-0.1977,-0.38689999999999997,0.19920000000000002,50.84,103.93,-0.002,1.18%,-0.013600000000000001,820265.0
TOST,2.03,1.64,0.06480000000000001,0.16670000000000001,0.2445,-0.06280000000000001,1.0027,63.56,42.7,0.0004,1.66%,-0.0159,2114561.0
TPG,1.54,1.99,-0.0339,-0.0051,-0.1759,-0.354,0.2565,45.22,47.15,0.0033,2.49%,-0.021099999999999997,813312.0
TPR,1.48,2.66,-0.002,0.0729,0.2507,-0.1506,1.1903,52.63,77.17,-0.0231,0.79%,-0.0308,1601102.0
TRGP,1.1,5.7,-0.0253,-0.08869999999999999,-0.0926,-0.2664,0.4105,40.77,160.3,0.0076,1.67%,-0.009000000000000001,643225.0
TRMB,1.68,1.82,0.0435,0.08449999999999999,0.06860000000000001,-0.0915,0.4526,63.51,70.66,-0.0018,1.64%,-0.0179,357817.0
TROW,1.52,2.24,-0.0014000000000000002,0.023799999999999998,-0.1211,-0.258,0.1991,49.81,93.35,-0.0118,0.91%,-0.0206,441634.0
TRP,0.81,1.03,0.008100000000000001,0.0316,0.0861,-0.0208,0.48829999999999996,56.2,50.27,0.0154,1.47%,0.0006,491426.0
TRU,1.65,3.29,-0.0335,0.0165,-0.1063,-0.26039999999999996,0.2608,46.75,83.69,-0.009300000000000001,0.92%,-0.0183,954113.0
TRV,0.54,5.16,0.009899999999999999,0.0387,0.0951,-0.0149,0.3532,58.01,270.92,-0.0006,-0.22%,0.0016,326019.0
TS,1.24,0.81,-0.0321,-0.0694,-0.06269999999999999,-0.2034,0.19510000000000002,38.86,32.56,0.0051,1.20%,-0.0068000000000000005,474891.0
TSCO,0.76,1.4,-0.0236,-0.0338,-0.085,-0.1888,0.0653,42.82,49.91,0.0048,1.42%,-0.009300000000000001,1709684.0
TSLA,2.47,16.16,0.0983,0.2372,0.1452,-0.2986,1.0469,65.67,342.68,0.0048,1.64%,-0.011399999999999999,61430435.0
TSM,1.28,5.74,0.0528,0.1258,0.0404,-0.1507,0.4396,63.67,192.29,-0.0199,0.15%,-0.021400000000000002,6108417.0
TSN,0.59,1.19,-0.0323,-0.0716,-0.081,-0.1759,0.0281,38.19,55.12,-0.0066,-0.05%,-0.0060999999999999995,1196423.0
TT,1.17,9.75,0.043,0.1574,0.1361,-0.0196,0.42579999999999996,72.22,425.09,0.002,1.26%,-0.0105,310268.0
TTD,1.38,3.38,0.1115,0.2713,-0.2391,-0.4757,0.7273000000000001,65.55,74.21,-0.0017000000000000001,2.86%,-0.029500000000000002,2603041.0
TTE,0.58,1.07,-0.009300000000000001,-0.0297,-0.058600000000000006,-0.2076,0.0978,44.62,57.94,-0.0038,0.85%,-0.012199999999999999,787731.0
TTWO,1.04,7.36,-0.0134,0.0373,0.21109999999999998,-0.0635,0.6673,50.91,225.49,-0.0023,-0.19%,-0.0004,900720.0
TU,0.76,0.27,0.0354,0.0764,0.049100000000000005,-0.0683,0.21489999999999998,64.96,16.08,0.0059,-0.16%,0.0075,795039.0
TW,0.84,3.78,0.0216,0.0431,0.1159,-0.044500000000000005,0.4436,58.99,145.85,0.012199999999999999,1.61%,-0.0038,324107.0
TWLO,1.29,3.95,0.0583,0.1481,0.1986,-0.24989999999999998,1.1706,63.77,113.98,-0.016399999999999998,0.31%,-0.0194,769549.0
TXN,0.98,5.9,0.0101,0.0406,-0.0726,-0.20010000000000003,0.2596,51.83,176.29,-0.0218,-0.26%,-0.019299999999999998,3887447.0
TXRH,0.89,4.62,0.0527,0.1045,0.0667,-0.079,0.2759,65.74,189.77,0.0055000000000000005,1.74%,-0.011699999999999999,249269.0
TXT,1.17,1.86,0.0006,0.0331,-0.0775,-0.228,0.2652,52.24,73.0,-0.006500000000000001,1.07%,-0.017,283239.0
UAL,1.44,3.99,-0.0078000000000000005,0.044500000000000005,-0.0391,-0.3569,1.0151000000000001,50.08,74.6,-0.0184,1.13%,-0.029300000000000003,2450187.0
UBER,1.4,3.04,0.021,0.12560000000000002,0.2009,-0.0591,0.6059,59.28,88.07,0.0008,0.85%,-0.0076,10269132.0
UBS,1.17,0.68,0.0064,0.0431,0.0222,-0.098,0.2557,53.85,31.82,-0.0092,0.96%,-0.0187,1164386.0
UDR,0.83,0.95,-0.0592,-0.0652,-0.0891,-0.1704,0.07690000000000001,35.46,39.43,-0.0168,-1.39%,-0.003,1158790.0
UL,0.42,0.9,0.014199999999999999,0.036699999999999997,0.055099999999999996,-0.0335,0.19,58.62,63.67,0.005600000000000001,0.50%,0.0006,808058.0
UMC,1.09,0.2,0.0397,0.11289999999999999,0.09210000000000002,-0.1278,0.3993,63.75,7.85,-0.0273,0.38%,-0.031,5536655.0
UNH,0.48,20.21,-0.1711,-0.3471,-0.44299999999999995,-0.5339,0.1812,26.84,293.98,-0.0091,-0.67%,-0.0024,11614049.0
UNM,0.42,1.82,-0.002,0.0101,0.1319,-0.0545,0.6511,50.81,79.88,0.0031,1.38%,-0.0105,312007.0
UNP,1.06,4.66,0.0049,-0.0078000000000000005,-0.0605,-0.1378,0.0872,48.65,222.51,-0.0016,1.08%,-0.0123,1076360.0
UPS,1.2,2.5,-0.015300000000000001,-0.0591,-0.20920000000000002,-0.354,0.056900000000000006,42.79,95.7,-0.0131,0.21%,-0.0152,1449525.0
USB,1.02,1.02,0.01,0.0424,-0.061500000000000006,-0.20370000000000002,0.22190000000000001,54.31,42.99,-0.0031,1.81%,-0.0209,2598037.0
USFD,1.43,1.79,0.062,0.1361,0.1648,-0.0246,0.5236,70.0,76.25,0.0048,1.36%,-0.0087,772678.0
V,0.94,6.79,0.0042,0.037200000000000004,0.1266,-0.038900000000000004,0.40399999999999997,54.4,354.8,-0.0089,-0.09%,-0.008,2408968.0
VALE,0.82,0.22,0.0051,0.0022,-0.0246,-0.2122,0.1912,51.19,9.6,0.0016,1.53%,-0.013600000000000001,19242216.0
VEEV,0.93,6.1,-0.015300000000000001,0.0124,0.0529,-0.09949999999999999,0.36950000000000005,48.57,233.16,-0.0101,0.33%,-0.013300000000000001,387174.0
VG,,0.76,0.1963,0.1991,-0.0519,-0.5504,0.6984999999999999,67.8,11.47,0.044199999999999996,5.67%,-0.0118,3524720.0
VICI,0.73,0.56,-0.0097,-0.011699999999999999,-0.0068000000000000005,-0.0834,0.1417,46.32,31.39,0.0060999999999999995,0.38%,0.0022,2154035.0
VIK,2.25,1.81,0.0015,0.0636,0.0524,-0.1734,0.5321,52.03,43.92,0.0175,3.72%,-0.019,1277820.0
VLO,0.96,4.21,0.0291,0.051,-0.025099999999999997,-0.233,0.2999,56.34,128.69,-0.0002,1.54%,-0.0154,1036702.0
VLTO,1.24,2.1,0.0265,0.0556,-0.0212,-0.1247,0.2003,61.46,100.66,-0.0032,0.71%,-0.0102,328809.0
VMC,0.85,6.13,0.0088,0.0788,0.0492,-0.0971,0.2523,58.38,269.34,-0.0086,0.37%,-0.012199999999999999,326438.0
VOD,0.52,0.23,0.0821,0.1112,0.13470000000000001,-0.016,0.3038,69.2,10.43,-0.0104,-0.29%,-0.0076,20101840.0
VRT,1.71,4.86,0.0626,0.223,0.0278,-0.32780000000000004,0.9545,64.24,104.76,0.0054,3.35%,-0.0273,2474418.0
VRTX,0.43,13.56,-0.044800000000000006,-0.09,-0.0698,-0.16329999999999997,0.15109999999999998,39.21,434.96,0.0021,1.76%,-0.0152,583274.0
VST,1.22,7.08,0.09029999999999999,0.2254,0.214,-0.2061,1.3859000000000001,66.3,158.66,0.0255,1.34%,0.011899999999999999,4219400.0
VTR,0.92,1.35,-0.0256,-0.0408,0.0078000000000000005,-0.102,0.38189999999999996,41.36,64.08,0.0068000000000000005,0.17%,0.005,605598.0
VZ,0.38,0.84,-0.0018,-0.005699999999999999,0.025699999999999997,-0.0836,0.15460000000000002,49.28,43.4,0.0062,-0.17%,0.0079,5997582.0
WAB,1.12,4.64,0.022000000000000002,0.0818,0.07400000000000001,-0.051,0.3553,61.03,200.12,-0.0003,1.40%,-0.0141,195452.0
WBD,1.48,0.41,0.0144,-0.0178,-0.023700000000000002,-0.2902,0.3577,51.1,9.02,-0.0006,1.86%,-0.018799999999999997,14781903.0
WCN,0.62,3.6,0.0113,0.016200000000000003,0.0604,-0.0259,0.22519999999999998,55.66,196.43,0.0078000000000000005,0.41%,0.0037,370322.0
WDAY,1.27,8.34,-0.0694,-0.0151,-0.0407,-0.1816,0.20420000000000002,39.56,240.61,-0.11560000000000001,-0.41%,-0.11199999999999999,7087912.0
WDC,1.48,1.72,0.0774,0.1934,0.058899999999999994,-0.1857,0.7404999999999999,71.3,50.18,0.0068000000000000005,1.95%,-0.0124,2076972.0
WDS,0.67,0.32,0.0333,0.0349,-0.096,-0.3084,0.2389,58.33,13.95,0.0131,1.60%,-0.0029,217495.0
WEC,0.44,1.97,-0.0073,-0.0063,0.0673,-0.0414,0.3734,48.65,106.4,0.0086,0.06%,0.008100000000000001,742671.0
WELL,0.92,3.23,0.0008,0.0078000000000000005,0.0962,-0.0593,0.4949,52.03,149.15,0.015300000000000001,0.67%,0.0086,1122650.0
WES,1.1,1.05,0.0254,0.005699999999999999,-0.0021,-0.09970000000000001,0.161,54.17,39.01,0.0083,0.96%,-0.0013,489816.0
WFC,1.15,1.83,-0.0085,0.0374,0.0727,-0.1036,0.4567,51.77,73.06,-0.0046,1.47%,-0.0189,4165588.0
WIT,1.03,0.07,-0.0109,-0.0171,-0.11900000000000001,-0.2427,0.1277,45.66,2.87,0.006999999999999999,0.70%,0.0,2072914.0
WM,0.66,4.22,0.023399999999999997,0.0322,0.085,-0.0106,0.20440000000000003,61.0,236.78,0.0148,0.33%,0.0115,688956.0
WMB,0.67,1.49,0.0029,0.0055000000000000005,0.0889,-0.046900000000000004,0.47369999999999995,52.44,58.77,0.0177,1.85%,-0.0009,2971301.0
WMG,1.26,0.73,-0.0733,-0.11359999999999999,-0.1509,-0.2818,0.0106,31.68,26.32,0.009399999999999999,1.37%,-0.0042,516568.0
WMT,0.69,2.23,-0.0102,0.0434,0.09,-0.0863,0.49950000000000006,51.77,96.21,0.0029,0.91%,-0.0062,7126983.0
WPC,0.83,1.23,-0.0042,-0.002,0.0329,-0.0785,0.15130000000000002,49.58,60.91,0.0115,1.10%,0.0005,542729.0
WPM,0.45,2.72,0.058600000000000006,0.0924,0.3044,-0.0051,0.6738,61.53,86.97,0.0285,0.88%,0.0195,816156.0
WRB,0.42,1.4,0.0095,0.0542,0.1844,-0.0433,0.4551,58.56,73.07,0.012199999999999999,1.49%,-0.0026,516164.0
WSM,1.48,7.39,-0.0282,0.0049,-0.0374,-0.2783,0.2668,45.63,158.77,-0.0101,0.40%,-0.0141,1004447.0
WTRG,0.81,0.92,-0.024900000000000002,-0.0207,0.0076,-0.0742,0.16579999999999998,44.98,38.68,0.0032,-0.41%,0.0073,405687.0
WY,1.17,0.65,-0.0319,-0.0643,-0.1564,-0.2605,0.044000000000000004,40.06,25.16,-0.0036,0.68%,-0.0103,1131729.0
X,1.8,1.81,0.1018,0.1153,0.2237,0.0132,0.7384000000000001,67.25,46.79,0.0907,5.74%,0.0315,9745235.0
XEL,0.38,1.64,-0.013500000000000002,-0.006999999999999999,0.0369,-0.0536,0.3362,46.64,69.44,0.0033,0.01%,0.0032,1298190.0
XOM,0.47,2.34,-0.0304,-0.0528,-0.0866,-0.1843,0.0537,38.44,103.05,0.0008,0.69%,-0.0060999999999999995,5487964.0
XPEV,2.61,1.09,0.0004,-0.0101,0.3618,-0.26289999999999997,2.0333,49.37,20.02,-0.023399999999999997,0.15%,-0.024900000000000002,5994183.0
XPO,1.99,4.96,0.0219,0.09369999999999999,-0.0441,-0.2683,0.385,54.13,117.81,-0.008199999999999999,1.74%,-0.0252,444781.0
XYL,1.13,2.44,0.0053,0.0504,-0.0060999999999999995,-0.1474,0.23800000000000002,55.61,124.39,-0.006999999999999999,0.66%,-0.013600000000000001,394690.0
XYZ,2.76,2.85,0.0699,0.0559,-0.1761,-0.4081,0.3271,56.68,58.75,0.0069,3.78%,-0.0298,4811291.0
YMM,0.19,0.52,-0.0653,-0.0621,0.0738,-0.19829999999999998,0.6667000000000001,40.31,11.1,-0.0036,0.91%,-0.0126,4791797.0
YPF,1.86,1.64,0.09970000000000001,0.0956,0.1276,-0.23010000000000003,1.2570000000000001,62.34,36.52,0.011000000000000001,4.01%,-0.027999999999999997,442621.0
YUM,0.75,2.71,-0.0125,-0.0265,0.039900000000000005,-0.1074,0.1935,44.91,145.77,0.0018,0.38%,-0.0019,352513.0
YUMC,0.27,1.37,-0.0351,-0.08839999999999999,-0.0449,-0.2069,0.5025,40.96,42.82,0.0070999999999999995,1.98%,-0.0125,1673164.0
Z,2.14,2.27,-0.024,-0.018000000000000002,-0.045899999999999996,-0.26030000000000003,0.6931999999999999,46.15,66.12,0.0168,2.61%,-0.0091,1030457.0
ZBH,0.74,2.7,-0.044199999999999996,-0.0989,-0.12990000000000002,-0.22469999999999998,0.026600000000000002,36.91,92.31,0.006999999999999999,1.64%,-0.009300000000000001,768176.0
ZM,0.72,1.96,0.0012,0.0575,0.0622,-0.1303,0.46590000000000004,55.07,80.71,-0.0166,-0.36%,-0.013000000000000001,1694586.0
ZS,1.05,6.95,0.0673,0.1815,0.2937,0.0026,0.6634,75.56,255.25,0.0096,2.14%,-0.0115,1203668.0
ZTO,-0.18,0.62,-0.0781,-0.1024,-0.16870000000000002,-0.3815,0.040999999999999995,35.73,17.01,0.0059,0.65%,-0.0006,1149633.0
ZTS,0.93,4.22,0.0199,0.0297,-0.0601,-0.1912,0.1598,55.3,162.02,0.0003,0.92%,-0.0088,1253226.0
